[2026-07-13 04:42:53] local.ERROR: cURL error 6: Could not resolve host: carbone (see https://curl.haxx.se/libcurl/c/libcurl-errors.html) for http://carbone:4000/render/template?download=true {"exception":"[object] (Illuminate\\Http\\Client\\ConnectionException(code: 0): cURL error 6: Could not resolve host: carbone (see https://curl.haxx.se/libcurl/c/libcurl-errors.html) for http://carbone:4000/render/template?download=true at /home/haru/Desktop/projects/prs/vendor/laravel/framework/src/Illuminate/Http/Client/PendingRequest.php:1805)
[stacktrace]
#0 /home/haru/Desktop/projects/prs/vendor/laravel/framework/src/Illuminate/Http/Client/PendingRequest.php(1081): Illuminate\\Http\\Client\\PendingRequest->marshalConnectionException(Object(GuzzleHttp\\Exception\\ConnectException))
#1 /home/haru/Desktop/projects/prs/vendor/laravel/framework/src/Illuminate/Support/helpers.php(328): Illuminate\\Http\\Client\\PendingRequest->{closure:Illuminate\\Http\\Client\\PendingRequest::send():1041}(1)
#2 /home/haru/Desktop/projects/prs/vendor/laravel/framework/src/Illuminate/Http/Client/PendingRequest.php(1041): retry(0, Object(Closure), 100, Object(Closure))
#3 /home/haru/Desktop/projects/prs/vendor/laravel/framework/src/Illuminate/Http/Client/PendingRequest.php(885): Illuminate\\Http\\Client\\PendingRequest->send('POST', 'http://carbone:...', Array)
#4 /home/haru/Desktop/projects/prs/app/Services/CarboneClient.php(19): Illuminate\\Http\\Client\\PendingRequest->post('/render/templat...', Array)
#5 /home/haru/Desktop/projects/prs/app/Services/DocxTemplateProcessor.php(51): App\\Services\\CarboneClient->render('PK\\x03\\x04\\x14\\x00\\x00\\x00\\x08\\x00\\xB1d\\xE6\\\\\\xEE...', Array)
#6 /home/haru/Desktop/projects/prs/app/Pdf/BuildReceivingReportPdf.php(46): App\\Services\\DocxTemplateProcessor->renderReceivingReport(Object(App\\Models\\Document), Object(App\\Models\\ReceivingReport))
#7 /home/haru/Desktop/projects/prs/app/Listeners/SnapshotReceivingReportFinalDocument.php(32): App\\Pdf\\BuildReceivingReportPdf->build(Object(App\\Models\\ReceivingReport))
#8 /home/haru/Desktop/projects/prs/vendor/laravel/framework/src/Illuminate/Events/Dispatcher.php(518): App\\Listeners\\SnapshotReceivingReportFinalDocument->handle(Object(App\\Events\\Workflow\\WorkflowCompleted))
#9 /home/haru/Desktop/projects/prs/vendor/laravel/framework/src/Illuminate/Events/Dispatcher.php(328): Illuminate\\Events\\Dispatcher->{closure:Illuminate\\Events\\Dispatcher::createClassListener():511}('App\\\\Events\\\\Work...', Array)
#10 /home/haru/Desktop/projects/prs/vendor/laravel/framework/src/Illuminate/Events/Dispatcher.php(308): Illuminate\\Events\\Dispatcher->invokeListeners('App\\\\Events\\\\Work...', Array, false)
#11 /home/haru/Desktop/projects/prs/vendor/laravel/framework/src/Illuminate/Foundation/helpers.php(505): Illuminate\\Events\\Dispatcher->dispatch(Object(App\\Events\\Workflow\\WorkflowCompleted))
#12 /home/haru/Desktop/projects/prs/vendor/laravel/framework/src/Illuminate/Foundation/Events/Dispatchable.php(15): event(Object(App\\Events\\Workflow\\WorkflowCompleted))
#13 /home/haru/Desktop/projects/prs/app/Services/Workflow/WorkflowEngine.php(428): App\\Events\\Workflow\\WorkflowCompleted::dispatch(Object(App\\Models\\WorkflowInstance))
#14 /home/haru/Desktop/projects/prs/app/Services/Workflow/WorkflowEngine.php(486): App\\Services\\Workflow\\WorkflowEngine->{closure:App\\Services\\Workflow\\WorkflowEngine::advance():428}()
#15 /home/haru/Desktop/projects/prs/app/Services/Workflow/WorkflowEngine.php(249): App\\Services\\Workflow\\WorkflowEngine->runAfterCommit(Array)
#16 /home/haru/Desktop/projects/prs/app/Services/Workflow/WorkflowManager.php(73): App\\Services\\Workflow\\WorkflowEngine->act(Object(App\\Models\\WorkflowInstance), Object(App\\Models\\ReceivingReport), Object(App\\Models\\User), App\\Enums\\WorkflowActionType::Approve, 'Processed by se...')
#17 /home/haru/Desktop/projects/prs/database/seeders/ProcurementWorkflowSeeder.php(315): App\\Services\\Workflow\\WorkflowManager->act(Object(App\\Models\\ReceivingReport), Object(App\\Models\\User), App\\Enums\\WorkflowActionType::Approve, 'Processed by se...')
#18 /home/haru/Desktop/projects/prs/database/seeders/ProcurementWorkflowSeeder.php(335): Database\\Seeders\\ProcurementWorkflowSeeder->completeActiveStep(Object(App\\Models\\ReceivingReport))
#19 /home/haru/Desktop/projects/prs/database/seeders/ProcurementWorkflowSeeder.php(281): Database\\Seeders\\ProcurementWorkflowSeeder->fullyComplete(Object(App\\Models\\ReceivingReport))
#20 /home/haru/Desktop/projects/prs/database/seeders/ProcurementWorkflowSeeder.php(537): Database\\Seeders\\ProcurementWorkflowSeeder->fullyVerifyRR(Object(App\\Models\\ReceivingReport))
#21 /home/haru/Desktop/projects/prs/database/seeders/ProcurementWorkflowSeeder.php(137): Database\\Seeders\\ProcurementWorkflowSeeder->seedScenario7_PO_FullyReceived_RR_Verified()
#22 /home/haru/Desktop/projects/prs/vendor/laravel/framework/src/Illuminate/Database/Concerns/ManagesTransactions.php(35): Database\\Seeders\\ProcurementWorkflowSeeder->{closure:Database\\Seeders\\ProcurementWorkflowSeeder::run():130}(Object(Illuminate\\Database\\SQLiteConnection))
#23 /home/haru/Desktop/projects/prs/vendor/laravel/framework/src/Illuminate/Database/DatabaseManager.php(493): Illuminate\\Database\\Connection->transaction(Object(Closure))
#24 /home/haru/Desktop/projects/prs/vendor/laravel/framework/src/Illuminate/Support/Facades/Facade.php(363): Illuminate\\Database\\DatabaseManager->__call('transaction', Array)
#25 /home/haru/Desktop/projects/prs/database/seeders/ProcurementWorkflowSeeder.php(130): Illuminate\\Support\\Facades\\Facade::__callStatic('transaction', Array)
#26 /home/haru/Desktop/projects/prs/vendor/laravel/framework/src/Illuminate/Container/BoundMethod.php(36): Database\\Seeders\\ProcurementWorkflowSeeder->run()
#27 /home/haru/Desktop/projects/prs/vendor/laravel/framework/src/Illuminate/Container/Util.php(43): Illuminate\\Container\\BoundMethod::{closure:Illuminate\\Container\\BoundMethod::call():35}()
#28 /home/haru/Desktop/projects/prs/vendor/laravel/framework/src/Illuminate/Container/BoundMethod.php(96): Illuminate\\Container\\Util::unwrapIfClosure(Object(Closure))
#29 /home/haru/Desktop/projects/prs/vendor/laravel/framework/src/Illuminate/Container/BoundMethod.php(35): Illuminate\\Container\\BoundMethod::callBoundMethod(Object(Illuminate\\Foundation\\Application), Array, Object(Closure))
#30 /home/haru/Desktop/projects/prs/vendor/laravel/framework/src/Illuminate/Container/Container.php(799): Illuminate\\Container\\BoundMethod::call(Object(Illuminate\\Foundation\\Application), Array, Array, NULL)
#31 /home/haru/Desktop/projects/prs/vendor/laravel/framework/src/Illuminate/Database/Seeder.php(184): Illuminate\\Container\\Container->call(Array, Array)
#32 /home/haru/Desktop/projects/prs/vendor/laravel/framework/src/Illuminate/Database/Seeder.php(193): Illuminate\\Database\\Seeder->{closure:Illuminate\\Database\\Seeder::__invoke():183}()
#33 /home/haru/Desktop/projects/prs/vendor/laravel/framework/src/Illuminate/Database/Seeder.php(59): Illuminate\\Database\\Seeder->__invoke(Array)
#34 /home/haru/Desktop/projects/prs/database/seeders/DatabaseSeeder.php(14): Illuminate\\Database\\Seeder->call('Database\\\\Seeder...')
#35 /home/haru/Desktop/projects/prs/vendor/laravel/framework/src/Illuminate/Container/BoundMethod.php(36): Database\\Seeders\\DatabaseSeeder->run()
#36 /home/haru/Desktop/projects/prs/vendor/laravel/framework/src/Illuminate/Container/Util.php(43): Illuminate\\Container\\BoundMethod::{closure:Illuminate\\Container\\BoundMethod::call():35}()
#37 /home/haru/Desktop/projects/prs/vendor/laravel/framework/src/Illuminate/Container/BoundMethod.php(96): Illuminate\\Container\\Util::unwrapIfClosure(Object(Closure))
#38 /home/haru/Desktop/projects/prs/vendor/laravel/framework/src/Illuminate/Container/BoundMethod.php(35): Illuminate\\Container\\BoundMethod::callBoundMethod(Object(Illuminate\\Foundation\\Application), Array, Object(Closure))
#39 /home/haru/Desktop/projects/prs/vendor/laravel/framework/src/Illuminate/Container/Container.php(799): Illuminate\\Container\\BoundMethod::call(Object(Illuminate\\Foundation\\Application), Array, Array, NULL)
#40 /home/haru/Desktop/projects/prs/vendor/laravel/framework/src/Illuminate/Database/Seeder.php(184): Illuminate\\Container\\Container->call(Array, Array)
#41 /home/haru/Desktop/projects/prs/vendor/laravel/framework/src/Illuminate/Database/Seeder.php(193): Illuminate\\Database\\Seeder->{closure:Illuminate\\Database\\Seeder::__invoke():183}()
#42 /home/haru/Desktop/projects/prs/vendor/laravel/framework/src/Illuminate/Database/Console/Seeds/SeedCommand.php(71): Illuminate\\Database\\Seeder->__invoke()
#43 /home/haru/Desktop/projects/prs/vendor/laravel/framework/src/Illuminate/Database/Eloquent/Concerns/GuardsAttributes.php(183): Illuminate\\Database\\Console\\Seeds\\SeedCommand->{closure:Illuminate\\Database\\Console\\Seeds\\SeedCommand::handle():70}()
#44 /home/haru/Desktop/projects/prs/vendor/laravel/framework/src/Illuminate/Database/Console/Seeds/SeedCommand.php(70): Illuminate\\Database\\Eloquent\\Model::unguarded(Object(Closure))
#45 /home/haru/Desktop/projects/prs/vendor/laravel/framework/src/Illuminate/Container/BoundMethod.php(36): Illuminate\\Database\\Console\\Seeds\\SeedCommand->handle()
#46 /home/haru/Desktop/projects/prs/vendor/laravel/framework/src/Illuminate/Container/Util.php(43): Illuminate\\Container\\BoundMethod::{closure:Illuminate\\Container\\BoundMethod::call():35}()
#47 /home/haru/Desktop/projects/prs/vendor/laravel/framework/src/Illuminate/Container/BoundMethod.php(96): Illuminate\\Container\\Util::unwrapIfClosure(Object(Closure))
#48 /home/haru/Desktop/projects/prs/vendor/laravel/framework/src/Illuminate/Container/BoundMethod.php(35): Illuminate\\Container\\BoundMethod::callBoundMethod(Object(Illuminate\\Foundation\\Application), Array, Object(Closure))
#49 /home/haru/Desktop/projects/prs/vendor/laravel/framework/src/Illuminate/Container/Container.php(799): Illuminate\\Container\\BoundMethod::call(Object(Illuminate\\Foundation\\Application), Array, Array, NULL)
#50 /home/haru/Desktop/projects/prs/vendor/laravel/framework/src/Illuminate/Console/Command.php(273): Illuminate\\Container\\Container->call(Array)
#51 /home/haru/Desktop/projects/prs/vendor/symfony/console/Command/Command.php(291): Illuminate\\Console\\Command->execute(Object(Symfony\\Component\\Console\\Input\\ArrayInput), Object(Illuminate\\Console\\OutputStyle))
#52 /home/haru/Desktop/projects/prs/vendor/laravel/framework/src/Illuminate/Console/Command.php(242): Symfony\\Component\\Console\\Command\\Command->run(Object(Symfony\\Component\\Console\\Input\\ArrayInput), Object(Illuminate\\Console\\OutputStyle))
#53 /home/haru/Desktop/projects/prs/vendor/laravel/framework/src/Illuminate/Console/Concerns/CallsCommands.php(68): Illuminate\\Console\\Command->run(Object(Symfony\\Component\\Console\\Input\\ArrayInput), Object(Illuminate\\Console\\OutputStyle))
#54 /home/haru/Desktop/projects/prs/vendor/laravel/framework/src/Illuminate/Console/Concerns/CallsCommands.php(29): Illuminate\\Console\\Command->runCommand('db:seed', Array, Object(Illuminate\\Console\\OutputStyle))
#55 /home/haru/Desktop/projects/prs/vendor/laravel/framework/src/Illuminate/Database/Console/Migrations/MigrateCommand.php(127): Illuminate\\Console\\Command->call('db:seed', Array)
#56 /home/haru/Desktop/projects/prs/vendor/laravel/framework/src/Illuminate/Database/Migrations/Migrator.php(671): Illuminate\\Database\\Console\\Migrations\\MigrateCommand->{closure:Illuminate\\Database\\Console\\Migrations\\MigrateCommand::runMigrations():111}()
#57 /home/haru/Desktop/projects/prs/vendor/laravel/framework/src/Illuminate/Database/Console/Migrations/MigrateCommand.php(111): Illuminate\\Database\\Migrations\\Migrator->usingConnection(NULL, Object(Closure))
#58 /home/haru/Desktop/projects/prs/vendor/laravel/framework/src/Illuminate/Database/Console/Migrations/MigrateCommand.php(90): Illuminate\\Database\\Console\\Migrations\\MigrateCommand->runMigrations()
#59 /home/haru/Desktop/projects/prs/vendor/laravel/framework/src/Illuminate/Container/BoundMethod.php(36): Illuminate\\Database\\Console\\Migrations\\MigrateCommand->handle()
#60 /home/haru/Desktop/projects/prs/vendor/laravel/framework/src/Illuminate/Container/Util.php(43): Illuminate\\Container\\BoundMethod::{closure:Illuminate\\Container\\BoundMethod::call():35}()
#61 /home/haru/Desktop/projects/prs/vendor/laravel/framework/src/Illuminate/Container/BoundMethod.php(96): Illuminate\\Container\\Util::unwrapIfClosure(Object(Closure))
#62 /home/haru/Desktop/projects/prs/vendor/laravel/framework/src/Illuminate/Container/BoundMethod.php(35): Illuminate\\Container\\BoundMethod::callBoundMethod(Object(Illuminate\\Foundation\\Application), Array, Object(Closure))
#63 /home/haru/Desktop/projects/prs/vendor/laravel/framework/src/Illuminate/Container/Container.php(799): Illuminate\\Container\\BoundMethod::call(Object(Illuminate\\Foundation\\Application), Array, Array, NULL)
#64 /home/haru/Desktop/projects/prs/vendor/laravel/framework/src/Illuminate/Console/Command.php(273): Illuminate\\Container\\Container->call(Array)
#65 /home/haru/Desktop/projects/prs/vendor/symfony/console/Command/Command.php(291): Illuminate\\Console\\Command->execute(Object(Symfony\\Component\\Console\\Input\\ArgvInput), Object(Illuminate\\Console\\OutputStyle))
#66 /home/haru/Desktop/projects/prs/vendor/laravel/framework/src/Illuminate/Console/Command.php(242): Symfony\\Component\\Console\\Command\\Command->run(Object(Symfony\\Component\\Console\\Input\\ArgvInput), Object(Illuminate\\Console\\OutputStyle))
#67 /home/haru/Desktop/projects/prs/vendor/symfony/console/Application.php(1107): Illuminate\\Console\\Command->run(Object(Symfony\\Component\\Console\\Input\\ArgvInput), Object(Symfony\\Component\\Console\\Output\\ConsoleOutput))
#68 /home/haru/Desktop/projects/prs/vendor/symfony/console/Application.php(356): Symfony\\Component\\Console\\Application->doRunCommand(Object(Illuminate\\Database\\Console\\Migrations\\MigrateCommand), Object(Symfony\\Component\\Console\\Input\\ArgvInput), Object(Symfony\\Component\\Console\\Output\\ConsoleOutput))
#69 /home/haru/Desktop/projects/prs/vendor/symfony/console/Application.php(195): Symfony\\Component\\Console\\Application->doRun(Object(Symfony\\Component\\Console\\Input\\ArgvInput), Object(Symfony\\Component\\Console\\Output\\ConsoleOutput))
#70 /home/haru/Desktop/projects/prs/vendor/laravel/framework/src/Illuminate/Foundation/Console/Kernel.php(198): Symfony\\Component\\Console\\Application->run(Object(Symfony\\Component\\Console\\Input\\ArgvInput), Object(Symfony\\Component\\Console\\Output\\ConsoleOutput))
#71 /home/haru/Desktop/projects/prs/vendor/laravel/framework/src/Illuminate/Foundation/Application.php(1235): Illuminate\\Foundation\\Console\\Kernel->handle(Object(Symfony\\Component\\Console\\Input\\ArgvInput), Object(Symfony\\Component\\Console\\Output\\ConsoleOutput))
#72 /home/haru/Desktop/projects/prs/artisan(16): Illuminate\\Foundation\\Application->handleCommand(Object(Symfony\\Component\\Console\\Input\\ArgvInput))
#73 {main}

[previous exception] [object] (GuzzleHttp\\Exception\\ConnectException(code: 0): cURL error 6: Could not resolve host: carbone (see https://curl.haxx.se/libcurl/c/libcurl-errors.html) for http://carbone:4000/render/template?download=true at /home/haru/Desktop/projects/prs/vendor/guzzlehttp/guzzle/src/Handler/CurlFactory.php:277)
[stacktrace]
#0 /home/haru/Desktop/projects/prs/vendor/guzzlehttp/guzzle/src/Handler/CurlFactory.php(207): GuzzleHttp\\Handler\\CurlFactory::createRejection(Object(GuzzleHttp\\Handler\\EasyHandle), Array)
#1 /home/haru/Desktop/projects/prs/vendor/guzzlehttp/guzzle/src/Handler/CurlFactory.php(159): GuzzleHttp\\Handler\\CurlFactory::finishError(Object(GuzzleHttp\\Handler\\CurlHandler), Object(GuzzleHttp\\Handler\\EasyHandle), Object(GuzzleHttp\\Handler\\CurlFactory))
#2 /home/haru/Desktop/projects/prs/vendor/guzzlehttp/guzzle/src/Handler/CurlHandler.php(47): GuzzleHttp\\Handler\\CurlFactory::finish(Object(GuzzleHttp\\Handler\\CurlHandler), Object(GuzzleHttp\\Handler\\EasyHandle), Object(GuzzleHttp\\Handler\\CurlFactory))
#3 /home/haru/Desktop/projects/prs/vendor/guzzlehttp/guzzle/src/Handler/Proxy.php(28): GuzzleHttp\\Handler\\CurlHandler->__invoke(Object(GuzzleHttp\\Psr7\\Request), Array)
#4 /home/haru/Desktop/projects/prs/vendor/guzzlehttp/guzzle/src/Handler/Proxy.php(48): GuzzleHttp\\Handler\\Proxy::{closure:GuzzleHttp\\Handler\\Proxy::wrapSync():27}(Object(GuzzleHttp\\Psr7\\Request), Array)
#5 /home/haru/Desktop/projects/prs/vendor/laravel/framework/src/Illuminate/Http/Client/PendingRequest.php(1523): GuzzleHttp\\Handler\\Proxy::{closure:GuzzleHttp\\Handler\\Proxy::wrapStreaming():47}(Object(GuzzleHttp\\Psr7\\Request), Array)
#6 /home/haru/Desktop/projects/prs/vendor/laravel/framework/src/Illuminate/Http/Client/PendingRequest.php(1480): Illuminate\\Http\\Client\\PendingRequest->{closure:{closure:Illuminate\\Http\\Client\\PendingRequest::buildStubHandler():1505}:1506}(Object(GuzzleHttp\\Psr7\\Request), Array)
#7 /home/haru/Desktop/projects/prs/vendor/laravel/framework/src/Illuminate/Http/Client/PendingRequest.php(1466): Illuminate\\Http\\Client\\PendingRequest->{closure:{closure:Illuminate\\Http\\Client\\PendingRequest::buildRecorderHandler():1478}:1479}(Object(GuzzleHttp\\Psr7\\Request), Array)
#8 /home/haru/Desktop/projects/prs/vendor/guzzlehttp/guzzle/src/PrepareBodyMiddleware.php(64): Illuminate\\Http\\Client\\PendingRequest->{closure:{closure:Illuminate\\Http\\Client\\PendingRequest::buildBeforeSendingHandler():1464}:1465}(Object(GuzzleHttp\\Psr7\\Request), Array)
#9 /home/haru/Desktop/projects/prs/vendor/guzzlehttp/guzzle/src/Middleware.php(38): GuzzleHttp\\PrepareBodyMiddleware->__invoke(Object(GuzzleHttp\\Psr7\\Request), Array)
#10 /home/haru/Desktop/projects/prs/vendor/guzzlehttp/guzzle/src/RedirectMiddleware.php(71): GuzzleHttp\\Middleware::{closure:{closure:GuzzleHttp\\Middleware::cookies():28}:29}(Object(GuzzleHttp\\Psr7\\Request), Array)
#11 /home/haru/Desktop/projects/prs/vendor/guzzlehttp/guzzle/src/Middleware.php(63): GuzzleHttp\\RedirectMiddleware->__invoke(Object(GuzzleHttp\\Psr7\\Request), Array)
#12 /home/haru/Desktop/projects/prs/vendor/guzzlehttp/guzzle/src/HandlerStack.php(75): GuzzleHttp\\Middleware::{closure:{closure:GuzzleHttp\\Middleware::httpErrors():60}:61}(Object(GuzzleHttp\\Psr7\\Request), Array)
#13 /home/haru/Desktop/projects/prs/vendor/guzzlehttp/guzzle/src/Client.php(333): GuzzleHttp\\HandlerStack->__invoke(Object(GuzzleHttp\\Psr7\\Request), Array)
#14 /home/haru/Desktop/projects/prs/vendor/guzzlehttp/guzzle/src/Client.php(169): GuzzleHttp\\Client->transfer(Object(GuzzleHttp\\Psr7\\Request), Array)
#15 /home/haru/Desktop/projects/prs/vendor/guzzlehttp/guzzle/src/Client.php(189): GuzzleHttp\\Client->requestAsync('POST', Object(GuzzleHttp\\Psr7\\Uri), Array)
#16 /home/haru/Desktop/projects/prs/vendor/laravel/framework/src/Illuminate/Http/Client/PendingRequest.php(1306): GuzzleHttp\\Client->request('POST', 'http://carbone:...', Array)
#17 /home/haru/Desktop/projects/prs/vendor/laravel/framework/src/Illuminate/Http/Client/PendingRequest.php(1043): Illuminate\\Http\\Client\\PendingRequest->sendRequest('POST', 'http://carbone:...', Array)
#18 /home/haru/Desktop/projects/prs/vendor/laravel/framework/src/Illuminate/Support/helpers.php(328): Illuminate\\Http\\Client\\PendingRequest->{closure:Illuminate\\Http\\Client\\PendingRequest::send():1041}(1)
#19 /home/haru/Desktop/projects/prs/vendor/laravel/framework/src/Illuminate/Http/Client/PendingRequest.php(1041): retry(0, Object(Closure), 100, Object(Closure))
#20 /home/haru/Desktop/projects/prs/vendor/laravel/framework/src/Illuminate/Http/Client/PendingRequest.php(885): Illuminate\\Http\\Client\\PendingRequest->send('POST', 'http://carbone:...', Array)
#21 /home/haru/Desktop/projects/prs/app/Services/CarboneClient.php(19): Illuminate\\Http\\Client\\PendingRequest->post('/render/templat...', Array)
#22 /home/haru/Desktop/projects/prs/app/Services/DocxTemplateProcessor.php(51): App\\Services\\CarboneClient->render('PK\\x03\\x04\\x14\\x00\\x00\\x00\\x08\\x00\\xB1d\\xE6\\\\\\xEE...', Array)
#23 /home/haru/Desktop/projects/prs/app/Pdf/BuildReceivingReportPdf.php(46): App\\Services\\DocxTemplateProcessor->renderReceivingReport(Object(App\\Models\\Document), Object(App\\Models\\ReceivingReport))
#24 /home/haru/Desktop/projects/prs/app/Listeners/SnapshotReceivingReportFinalDocument.php(32): App\\Pdf\\BuildReceivingReportPdf->build(Object(App\\Models\\ReceivingReport))
#25 /home/haru/Desktop/projects/prs/vendor/laravel/framework/src/Illuminate/Events/Dispatcher.php(518): App\\Listeners\\SnapshotReceivingReportFinalDocument->handle(Object(App\\Events\\Workflow\\WorkflowCompleted))
#26 /home/haru/Desktop/projects/prs/vendor/laravel/framework/src/Illuminate/Events/Dispatcher.php(328): Illuminate\\Events\\Dispatcher->{closure:Illuminate\\Events\\Dispatcher::createClassListener():511}('App\\\\Events\\\\Work...', Array)
#27 /home/haru/Desktop/projects/prs/vendor/laravel/framework/src/Illuminate/Events/Dispatcher.php(308): Illuminate\\Events\\Dispatcher->invokeListeners('App\\\\Events\\\\Work...', Array, false)
#28 /home/haru/Desktop/projects/prs/vendor/laravel/framework/src/Illuminate/Foundation/helpers.php(505): Illuminate\\Events\\Dispatcher->dispatch(Object(App\\Events\\Workflow\\WorkflowCompleted))
#29 /home/haru/Desktop/projects/prs/vendor/laravel/framework/src/Illuminate/Foundation/Events/Dispatchable.php(15): event(Object(App\\Events\\Workflow\\WorkflowCompleted))
#30 /home/haru/Desktop/projects/prs/app/Services/Workflow/WorkflowEngine.php(428): App\\Events\\Workflow\\WorkflowCompleted::dispatch(Object(App\\Models\\WorkflowInstance))
#31 /home/haru/Desktop/projects/prs/app/Services/Workflow/WorkflowEngine.php(486): App\\Services\\Workflow\\WorkflowEngine->{closure:App\\Services\\Workflow\\WorkflowEngine::advance():428}()
#32 /home/haru/Desktop/projects/prs/app/Services/Workflow/WorkflowEngine.php(249): App\\Services\\Workflow\\WorkflowEngine->runAfterCommit(Array)
#33 /home/haru/Desktop/projects/prs/app/Services/Workflow/WorkflowManager.php(73): App\\Services\\Workflow\\WorkflowEngine->act(Object(App\\Models\\WorkflowInstance), Object(App\\Models\\ReceivingReport), Object(App\\Models\\User), App\\Enums\\WorkflowActionType::Approve, 'Processed by se...')
#34 /home/haru/Desktop/projects/prs/database/seeders/ProcurementWorkflowSeeder.php(315): App\\Services\\Workflow\\WorkflowManager->act(Object(App\\Models\\ReceivingReport), Object(App\\Models\\User), App\\Enums\\WorkflowActionType::Approve, 'Processed by se...')
#35 /home/haru/Desktop/projects/prs/database/seeders/ProcurementWorkflowSeeder.php(335): Database\\Seeders\\ProcurementWorkflowSeeder->completeActiveStep(Object(App\\Models\\ReceivingReport))
#36 /home/haru/Desktop/projects/prs/database/seeders/ProcurementWorkflowSeeder.php(281): Database\\Seeders\\ProcurementWorkflowSeeder->fullyComplete(Object(App\\Models\\ReceivingReport))
#37 /home/haru/Desktop/projects/prs/database/seeders/ProcurementWorkflowSeeder.php(537): Database\\Seeders\\ProcurementWorkflowSeeder->fullyVerifyRR(Object(App\\Models\\ReceivingReport))
#38 /home/haru/Desktop/projects/prs/database/seeders/ProcurementWorkflowSeeder.php(137): Database\\Seeders\\ProcurementWorkflowSeeder->seedScenario7_PO_FullyReceived_RR_Verified()
#39 /home/haru/Desktop/projects/prs/vendor/laravel/framework/src/Illuminate/Database/Concerns/ManagesTransactions.php(35): Database\\Seeders\\ProcurementWorkflowSeeder->{closure:Database\\Seeders\\ProcurementWorkflowSeeder::run():130}(Object(Illuminate\\Database\\SQLiteConnection))
#40 /home/haru/Desktop/projects/prs/vendor/laravel/framework/src/Illuminate/Database/DatabaseManager.php(493): Illuminate\\Database\\Connection->transaction(Object(Closure))
#41 /home/haru/Desktop/projects/prs/vendor/laravel/framework/src/Illuminate/Support/Facades/Facade.php(363): Illuminate\\Database\\DatabaseManager->__call('transaction', Array)
#42 /home/haru/Desktop/projects/prs/database/seeders/ProcurementWorkflowSeeder.php(130): Illuminate\\Support\\Facades\\Facade::__callStatic('transaction', Array)
#43 /home/haru/Desktop/projects/prs/vendor/laravel/framework/src/Illuminate/Container/BoundMethod.php(36): Database\\Seeders\\ProcurementWorkflowSeeder->run()
#44 /home/haru/Desktop/projects/prs/vendor/laravel/framework/src/Illuminate/Container/Util.php(43): Illuminate\\Container\\BoundMethod::{closure:Illuminate\\Container\\BoundMethod::call():35}()
#45 /home/haru/Desktop/projects/prs/vendor/laravel/framework/src/Illuminate/Container/BoundMethod.php(96): Illuminate\\Container\\Util::unwrapIfClosure(Object(Closure))
#46 /home/haru/Desktop/projects/prs/vendor/laravel/framework/src/Illuminate/Container/BoundMethod.php(35): Illuminate\\Container\\BoundMethod::callBoundMethod(Object(Illuminate\\Foundation\\Application), Array, Object(Closure))
#47 /home/haru/Desktop/projects/prs/vendor/laravel/framework/src/Illuminate/Container/Container.php(799): Illuminate\\Container\\BoundMethod::call(Object(Illuminate\\Foundation\\Application), Array, Array, NULL)
#48 /home/haru/Desktop/projects/prs/vendor/laravel/framework/src/Illuminate/Database/Seeder.php(184): Illuminate\\Container\\Container->call(Array, Array)
#49 /home/haru/Desktop/projects/prs/vendor/laravel/framework/src/Illuminate/Database/Seeder.php(193): Illuminate\\Database\\Seeder->{closure:Illuminate\\Database\\Seeder::__invoke():183}()
#50 /home/haru/Desktop/projects/prs/vendor/laravel/framework/src/Illuminate/Database/Seeder.php(59): Illuminate\\Database\\Seeder->__invoke(Array)
#51 /home/haru/Desktop/projects/prs/database/seeders/DatabaseSeeder.php(14): Illuminate\\Database\\Seeder->call('Database\\\\Seeder...')
#52 /home/haru/Desktop/projects/prs/vendor/laravel/framework/src/Illuminate/Container/BoundMethod.php(36): Database\\Seeders\\DatabaseSeeder->run()
#53 /home/haru/Desktop/projects/prs/vendor/laravel/framework/src/Illuminate/Container/Util.php(43): Illuminate\\Container\\BoundMethod::{closure:Illuminate\\Container\\BoundMethod::call():35}()
#54 /home/haru/Desktop/projects/prs/vendor/laravel/framework/src/Illuminate/Container/BoundMethod.php(96): Illuminate\\Container\\Util::unwrapIfClosure(Object(Closure))
#55 /home/haru/Desktop/projects/prs/vendor/laravel/framework/src/Illuminate/Container/BoundMethod.php(35): Illuminate\\Container\\BoundMethod::callBoundMethod(Object(Illuminate\\Foundation\\Application), Array, Object(Closure))
#56 /home/haru/Desktop/projects/prs/vendor/laravel/framework/src/Illuminate/Container/Container.php(799): Illuminate\\Container\\BoundMethod::call(Object(Illuminate\\Foundation\\Application), Array, Array, NULL)
#57 /home/haru/Desktop/projects/prs/vendor/laravel/framework/src/Illuminate/Database/Seeder.php(184): Illuminate\\Container\\Container->call(Array, Array)
#58 /home/haru/Desktop/projects/prs/vendor/laravel/framework/src/Illuminate/Database/Seeder.php(193): Illuminate\\Database\\Seeder->{closure:Illuminate\\Database\\Seeder::__invoke():183}()
#59 /home/haru/Desktop/projects/prs/vendor/laravel/framework/src/Illuminate/Database/Console/Seeds/SeedCommand.php(71): Illuminate\\Database\\Seeder->__invoke()
#60 /home/haru/Desktop/projects/prs/vendor/laravel/framework/src/Illuminate/Database/Eloquent/Concerns/GuardsAttributes.php(183): Illuminate\\Database\\Console\\Seeds\\SeedCommand->{closure:Illuminate\\Database\\Console\\Seeds\\SeedCommand::handle():70}()
#61 /home/haru/Desktop/projects/prs/vendor/laravel/framework/src/Illuminate/Database/Console/Seeds/SeedCommand.php(70): Illuminate\\Database\\Eloquent\\Model::unguarded(Object(Closure))
#62 /home/haru/Desktop/projects/prs/vendor/laravel/framework/src/Illuminate/Container/BoundMethod.php(36): Illuminate\\Database\\Console\\Seeds\\SeedCommand->handle()
#63 /home/haru/Desktop/projects/prs/vendor/laravel/framework/src/Illuminate/Container/Util.php(43): Illuminate\\Container\\BoundMethod::{closure:Illuminate\\Container\\BoundMethod::call():35}()
#64 /home/haru/Desktop/projects/prs/vendor/laravel/framework/src/Illuminate/Container/BoundMethod.php(96): Illuminate\\Container\\Util::unwrapIfClosure(Object(Closure))
#65 /home/haru/Desktop/projects/prs/vendor/laravel/framework/src/Illuminate/Container/BoundMethod.php(35): Illuminate\\Container\\BoundMethod::callBoundMethod(Object(Illuminate\\Foundation\\Application), Array, Object(Closure))
#66 /home/haru/Desktop/projects/prs/vendor/laravel/framework/src/Illuminate/Container/Container.php(799): Illuminate\\Container\\BoundMethod::call(Object(Illuminate\\Foundation\\Application), Array, Array, NULL)
#67 /home/haru/Desktop/projects/prs/vendor/laravel/framework/src/Illuminate/Console/Command.php(273): Illuminate\\Container\\Container->call(Array)
#68 /home/haru/Desktop/projects/prs/vendor/symfony/console/Command/Command.php(291): Illuminate\\Console\\Command->execute(Object(Symfony\\Component\\Console\\Input\\ArrayInput), Object(Illuminate\\Console\\OutputStyle))
#69 /home/haru/Desktop/projects/prs/vendor/laravel/framework/src/Illuminate/Console/Command.php(242): Symfony\\Component\\Console\\Command\\Command->run(Object(Symfony\\Component\\Console\\Input\\ArrayInput), Object(Illuminate\\Console\\OutputStyle))
#70 /home/haru/Desktop/projects/prs/vendor/laravel/framework/src/Illuminate/Console/Concerns/CallsCommands.php(68): Illuminate\\Console\\Command->run(Object(Symfony\\Component\\Console\\Input\\ArrayInput), Object(Illuminate\\Console\\OutputStyle))
#71 /home/haru/Desktop/projects/prs/vendor/laravel/framework/src/Illuminate/Console/Concerns/CallsCommands.php(29): Illuminate\\Console\\Command->runCommand('db:seed', Array, Object(Illuminate\\Console\\OutputStyle))
#72 /home/haru/Desktop/projects/prs/vendor/laravel/framework/src/Illuminate/Database/Console/Migrations/MigrateCommand.php(127): Illuminate\\Console\\Command->call('db:seed', Array)
#73 /home/haru/Desktop/projects/prs/vendor/laravel/framework/src/Illuminate/Database/Migrations/Migrator.php(671): Illuminate\\Database\\Console\\Migrations\\MigrateCommand->{closure:Illuminate\\Database\\Console\\Migrations\\MigrateCommand::runMigrations():111}()
#74 /home/haru/Desktop/projects/prs/vendor/laravel/framework/src/Illuminate/Database/Console/Migrations/MigrateCommand.php(111): Illuminate\\Database\\Migrations\\Migrator->usingConnection(NULL, Object(Closure))
#75 /home/haru/Desktop/projects/prs/vendor/laravel/framework/src/Illuminate/Database/Console/Migrations/MigrateCommand.php(90): Illuminate\\Database\\Console\\Migrations\\MigrateCommand->runMigrations()
#76 /home/haru/Desktop/projects/prs/vendor/laravel/framework/src/Illuminate/Container/BoundMethod.php(36): Illuminate\\Database\\Console\\Migrations\\MigrateCommand->handle()
#77 /home/haru/Desktop/projects/prs/vendor/laravel/framework/src/Illuminate/Container/Util.php(43): Illuminate\\Container\\BoundMethod::{closure:Illuminate\\Container\\BoundMethod::call():35}()
#78 /home/haru/Desktop/projects/prs/vendor/laravel/framework/src/Illuminate/Container/BoundMethod.php(96): Illuminate\\Container\\Util::unwrapIfClosure(Object(Closure))
#79 /home/haru/Desktop/projects/prs/vendor/laravel/framework/src/Illuminate/Container/BoundMethod.php(35): Illuminate\\Container\\BoundMethod::callBoundMethod(Object(Illuminate\\Foundation\\Application), Array, Object(Closure))
#80 /home/haru/Desktop/projects/prs/vendor/laravel/framework/src/Illuminate/Container/Container.php(799): Illuminate\\Container\\BoundMethod::call(Object(Illuminate\\Foundation\\Application), Array, Array, NULL)
#81 /home/haru/Desktop/projects/prs/vendor/laravel/framework/src/Illuminate/Console/Command.php(273): Illuminate\\Container\\Container->call(Array)
#82 /home/haru/Desktop/projects/prs/vendor/symfony/console/Command/Command.php(291): Illuminate\\Console\\Command->execute(Object(Symfony\\Component\\Console\\Input\\ArgvInput), Object(Illuminate\\Console\\OutputStyle))
#83 /home/haru/Desktop/projects/prs/vendor/laravel/framework/src/Illuminate/Console/Command.php(242): Symfony\\Component\\Console\\Command\\Command->run(Object(Symfony\\Component\\Console\\Input\\ArgvInput), Object(Illuminate\\Console\\OutputStyle))
#84 /home/haru/Desktop/projects/prs/vendor/symfony/console/Application.php(1107): Illuminate\\Console\\Command->run(Object(Symfony\\Component\\Console\\Input\\ArgvInput), Object(Symfony\\Component\\Console\\Output\\ConsoleOutput))
#85 /home/haru/Desktop/projects/prs/vendor/symfony/console/Application.php(356): Symfony\\Component\\Console\\Application->doRunCommand(Object(Illuminate\\Database\\Console\\Migrations\\MigrateCommand), Object(Symfony\\Component\\Console\\Input\\ArgvInput), Object(Symfony\\Component\\Console\\Output\\ConsoleOutput))
#86 /home/haru/Desktop/projects/prs/vendor/symfony/console/Application.php(195): Symfony\\Component\\Console\\Application->doRun(Object(Symfony\\Component\\Console\\Input\\ArgvInput), Object(Symfony\\Component\\Console\\Output\\ConsoleOutput))
#87 /home/haru/Desktop/projects/prs/vendor/laravel/framework/src/Illuminate/Foundation/Console/Kernel.php(198): Symfony\\Component\\Console\\Application->run(Object(Symfony\\Component\\Console\\Input\\ArgvInput), Object(Symfony\\Component\\Console\\Output\\ConsoleOutput))
#88 /home/haru/Desktop/projects/prs/vendor/laravel/framework/src/Illuminate/Foundation/Application.php(1235): Illuminate\\Foundation\\Console\\Kernel->handle(Object(Symfony\\Component\\Console\\Input\\ArgvInput), Object(Symfony\\Component\\Console\\Output\\ConsoleOutput))
#89 /home/haru/Desktop/projects/prs/artisan(16): Illuminate\\Foundation\\Application->handleCommand(Object(Symfony\\Component\\Console\\Input\\ArgvInput))
#90 {main}
"} 
[2026-07-13 04:42:58] local.ERROR: cURL error 6: Could not resolve host: carbone (see https://curl.haxx.se/libcurl/c/libcurl-errors.html) for http://carbone:4000/render/template?download=true {"exception":"[object] (Illuminate\\Http\\Client\\ConnectionException(code: 0): cURL error 6: Could not resolve host: carbone (see https://curl.haxx.se/libcurl/c/libcurl-errors.html) for http://carbone:4000/render/template?download=true at /home/haru/Desktop/projects/prs/vendor/laravel/framework/src/Illuminate/Http/Client/PendingRequest.php:1805)
[stacktrace]
#0 /home/haru/Desktop/projects/prs/vendor/laravel/framework/src/Illuminate/Http/Client/PendingRequest.php(1081): Illuminate\\Http\\Client\\PendingRequest->marshalConnectionException(Object(GuzzleHttp\\Exception\\ConnectException))
#1 /home/haru/Desktop/projects/prs/vendor/laravel/framework/src/Illuminate/Support/helpers.php(328): Illuminate\\Http\\Client\\PendingRequest->{closure:Illuminate\\Http\\Client\\PendingRequest::send():1041}(1)
#2 /home/haru/Desktop/projects/prs/vendor/laravel/framework/src/Illuminate/Http/Client/PendingRequest.php(1041): retry(0, Object(Closure), 100, Object(Closure))
#3 /home/haru/Desktop/projects/prs/vendor/laravel/framework/src/Illuminate/Http/Client/PendingRequest.php(885): Illuminate\\Http\\Client\\PendingRequest->send('POST', 'http://carbone:...', Array)
#4 /home/haru/Desktop/projects/prs/app/Services/CarboneClient.php(19): Illuminate\\Http\\Client\\PendingRequest->post('/render/templat...', Array)
#5 /home/haru/Desktop/projects/prs/app/Services/DocxTemplateProcessor.php(51): App\\Services\\CarboneClient->render('PK\\x03\\x04\\x14\\x00\\x00\\x00\\x08\\x00\\xB1d\\xE6\\\\\\xEE...', Array)
#6 /home/haru/Desktop/projects/prs/app/Pdf/BuildReceivingReportPdf.php(46): App\\Services\\DocxTemplateProcessor->renderReceivingReport(Object(App\\Models\\Document), Object(App\\Models\\ReceivingReport))
#7 /home/haru/Desktop/projects/prs/app/Listeners/SnapshotReceivingReportFinalDocument.php(32): App\\Pdf\\BuildReceivingReportPdf->build(Object(App\\Models\\ReceivingReport))
#8 /home/haru/Desktop/projects/prs/vendor/laravel/framework/src/Illuminate/Events/Dispatcher.php(518): App\\Listeners\\SnapshotReceivingReportFinalDocument->handle(Object(App\\Events\\Workflow\\WorkflowCompleted))
#9 /home/haru/Desktop/projects/prs/vendor/laravel/framework/src/Illuminate/Events/Dispatcher.php(328): Illuminate\\Events\\Dispatcher->{closure:Illuminate\\Events\\Dispatcher::createClassListener():511}('App\\\\Events\\\\Work...', Array)
#10 /home/haru/Desktop/projects/prs/vendor/laravel/framework/src/Illuminate/Events/Dispatcher.php(308): Illuminate\\Events\\Dispatcher->invokeListeners('App\\\\Events\\\\Work...', Array, false)
#11 /home/haru/Desktop/projects/prs/vendor/laravel/framework/src/Illuminate/Foundation/helpers.php(505): Illuminate\\Events\\Dispatcher->dispatch(Object(App\\Events\\Workflow\\WorkflowCompleted))
#12 /home/haru/Desktop/projects/prs/vendor/laravel/framework/src/Illuminate/Foundation/Events/Dispatchable.php(15): event(Object(App\\Events\\Workflow\\WorkflowCompleted))
#13 /home/haru/Desktop/projects/prs/app/Services/Workflow/WorkflowEngine.php(428): App\\Events\\Workflow\\WorkflowCompleted::dispatch(Object(App\\Models\\WorkflowInstance))
#14 /home/haru/Desktop/projects/prs/app/Services/Workflow/WorkflowEngine.php(486): App\\Services\\Workflow\\WorkflowEngine->{closure:App\\Services\\Workflow\\WorkflowEngine::advance():428}()
#15 /home/haru/Desktop/projects/prs/app/Services/Workflow/WorkflowEngine.php(249): App\\Services\\Workflow\\WorkflowEngine->runAfterCommit(Array)
#16 /home/haru/Desktop/projects/prs/app/Services/Workflow/WorkflowManager.php(73): App\\Services\\Workflow\\WorkflowEngine->act(Object(App\\Models\\WorkflowInstance), Object(App\\Models\\ReceivingReport), Object(App\\Models\\User), App\\Enums\\WorkflowActionType::Approve, 'Processed by se...')
#17 /home/haru/Desktop/projects/prs/database/seeders/ProcurementWorkflowSeeder.php(315): App\\Services\\Workflow\\WorkflowManager->act(Object(App\\Models\\ReceivingReport), Object(App\\Models\\User), App\\Enums\\WorkflowActionType::Approve, 'Processed by se...')
#18 /home/haru/Desktop/projects/prs/database/seeders/ProcurementWorkflowSeeder.php(335): Database\\Seeders\\ProcurementWorkflowSeeder->completeActiveStep(Object(App\\Models\\ReceivingReport))
#19 /home/haru/Desktop/projects/prs/database/seeders/ProcurementWorkflowSeeder.php(281): Database\\Seeders\\ProcurementWorkflowSeeder->fullyComplete(Object(App\\Models\\ReceivingReport))
#20 /home/haru/Desktop/projects/prs/database/seeders/ProcurementWorkflowSeeder.php(537): Database\\Seeders\\ProcurementWorkflowSeeder->fullyVerifyRR(Object(App\\Models\\ReceivingReport))
#21 /home/haru/Desktop/projects/prs/database/seeders/ProcurementWorkflowSeeder.php(137): Database\\Seeders\\ProcurementWorkflowSeeder->seedScenario7_PO_FullyReceived_RR_Verified()
#22 /home/haru/Desktop/projects/prs/vendor/laravel/framework/src/Illuminate/Database/Concerns/ManagesTransactions.php(35): Database\\Seeders\\ProcurementWorkflowSeeder->{closure:Database\\Seeders\\ProcurementWorkflowSeeder::run():130}(Object(Illuminate\\Database\\SQLiteConnection))
#23 /home/haru/Desktop/projects/prs/vendor/laravel/framework/src/Illuminate/Database/DatabaseManager.php(493): Illuminate\\Database\\Connection->transaction(Object(Closure))
#24 /home/haru/Desktop/projects/prs/vendor/laravel/framework/src/Illuminate/Support/Facades/Facade.php(363): Illuminate\\Database\\DatabaseManager->__call('transaction', Array)
#25 /home/haru/Desktop/projects/prs/database/seeders/ProcurementWorkflowSeeder.php(130): Illuminate\\Support\\Facades\\Facade::__callStatic('transaction', Array)
#26 /home/haru/Desktop/projects/prs/vendor/laravel/framework/src/Illuminate/Container/BoundMethod.php(36): Database\\Seeders\\ProcurementWorkflowSeeder->run()
#27 /home/haru/Desktop/projects/prs/vendor/laravel/framework/src/Illuminate/Container/Util.php(43): Illuminate\\Container\\BoundMethod::{closure:Illuminate\\Container\\BoundMethod::call():35}()
#28 /home/haru/Desktop/projects/prs/vendor/laravel/framework/src/Illuminate/Container/BoundMethod.php(96): Illuminate\\Container\\Util::unwrapIfClosure(Object(Closure))
#29 /home/haru/Desktop/projects/prs/vendor/laravel/framework/src/Illuminate/Container/BoundMethod.php(35): Illuminate\\Container\\BoundMethod::callBoundMethod(Object(Illuminate\\Foundation\\Application), Array, Object(Closure))
#30 /home/haru/Desktop/projects/prs/vendor/laravel/framework/src/Illuminate/Container/Container.php(799): Illuminate\\Container\\BoundMethod::call(Object(Illuminate\\Foundation\\Application), Array, Array, NULL)
#31 /home/haru/Desktop/projects/prs/vendor/laravel/framework/src/Illuminate/Database/Seeder.php(184): Illuminate\\Container\\Container->call(Array, Array)
#32 /home/haru/Desktop/projects/prs/vendor/laravel/framework/src/Illuminate/Database/Seeder.php(193): Illuminate\\Database\\Seeder->{closure:Illuminate\\Database\\Seeder::__invoke():183}()
#33 /home/haru/Desktop/projects/prs/vendor/laravel/framework/src/Illuminate/Database/Seeder.php(59): Illuminate\\Database\\Seeder->__invoke(Array)
#34 /home/haru/Desktop/projects/prs/database/seeders/DatabaseSeeder.php(14): Illuminate\\Database\\Seeder->call('Database\\\\Seeder...')
#35 /home/haru/Desktop/projects/prs/vendor/laravel/framework/src/Illuminate/Container/BoundMethod.php(36): Database\\Seeders\\DatabaseSeeder->run()
#36 /home/haru/Desktop/projects/prs/vendor/laravel/framework/src/Illuminate/Container/Util.php(43): Illuminate\\Container\\BoundMethod::{closure:Illuminate\\Container\\BoundMethod::call():35}()
#37 /home/haru/Desktop/projects/prs/vendor/laravel/framework/src/Illuminate/Container/BoundMethod.php(96): Illuminate\\Container\\Util::unwrapIfClosure(Object(Closure))
#38 /home/haru/Desktop/projects/prs/vendor/laravel/framework/src/Illuminate/Container/BoundMethod.php(35): Illuminate\\Container\\BoundMethod::callBoundMethod(Object(Illuminate\\Foundation\\Application), Array, Object(Closure))
#39 /home/haru/Desktop/projects/prs/vendor/laravel/framework/src/Illuminate/Container/Container.php(799): Illuminate\\Container\\BoundMethod::call(Object(Illuminate\\Foundation\\Application), Array, Array, NULL)
#40 /home/haru/Desktop/projects/prs/vendor/laravel/framework/src/Illuminate/Database/Seeder.php(184): Illuminate\\Container\\Container->call(Array, Array)
#41 /home/haru/Desktop/projects/prs/vendor/laravel/framework/src/Illuminate/Database/Seeder.php(193): Illuminate\\Database\\Seeder->{closure:Illuminate\\Database\\Seeder::__invoke():183}()
#42 /home/haru/Desktop/projects/prs/vendor/laravel/framework/src/Illuminate/Database/Console/Seeds/SeedCommand.php(71): Illuminate\\Database\\Seeder->__invoke()
#43 /home/haru/Desktop/projects/prs/vendor/laravel/framework/src/Illuminate/Database/Eloquent/Concerns/GuardsAttributes.php(183): Illuminate\\Database\\Console\\Seeds\\SeedCommand->{closure:Illuminate\\Database\\Console\\Seeds\\SeedCommand::handle():70}()
#44 /home/haru/Desktop/projects/prs/vendor/laravel/framework/src/Illuminate/Database/Console/Seeds/SeedCommand.php(70): Illuminate\\Database\\Eloquent\\Model::unguarded(Object(Closure))
#45 /home/haru/Desktop/projects/prs/vendor/laravel/framework/src/Illuminate/Container/BoundMethod.php(36): Illuminate\\Database\\Console\\Seeds\\SeedCommand->handle()
#46 /home/haru/Desktop/projects/prs/vendor/laravel/framework/src/Illuminate/Container/Util.php(43): Illuminate\\Container\\BoundMethod::{closure:Illuminate\\Container\\BoundMethod::call():35}()
#47 /home/haru/Desktop/projects/prs/vendor/laravel/framework/src/Illuminate/Container/BoundMethod.php(96): Illuminate\\Container\\Util::unwrapIfClosure(Object(Closure))
#48 /home/haru/Desktop/projects/prs/vendor/laravel/framework/src/Illuminate/Container/BoundMethod.php(35): Illuminate\\Container\\BoundMethod::callBoundMethod(Object(Illuminate\\Foundation\\Application), Array, Object(Closure))
#49 /home/haru/Desktop/projects/prs/vendor/laravel/framework/src/Illuminate/Container/Container.php(799): Illuminate\\Container\\BoundMethod::call(Object(Illuminate\\Foundation\\Application), Array, Array, NULL)
#50 /home/haru/Desktop/projects/prs/vendor/laravel/framework/src/Illuminate/Console/Command.php(273): Illuminate\\Container\\Container->call(Array)
#51 /home/haru/Desktop/projects/prs/vendor/symfony/console/Command/Command.php(291): Illuminate\\Console\\Command->execute(Object(Symfony\\Component\\Console\\Input\\ArrayInput), Object(Illuminate\\Console\\OutputStyle))
#52 /home/haru/Desktop/projects/prs/vendor/laravel/framework/src/Illuminate/Console/Command.php(242): Symfony\\Component\\Console\\Command\\Command->run(Object(Symfony\\Component\\Console\\Input\\ArrayInput), Object(Illuminate\\Console\\OutputStyle))
#53 /home/haru/Desktop/projects/prs/vendor/laravel/framework/src/Illuminate/Console/Concerns/CallsCommands.php(68): Illuminate\\Console\\Command->run(Object(Symfony\\Component\\Console\\Input\\ArrayInput), Object(Illuminate\\Console\\OutputStyle))
#54 /home/haru/Desktop/projects/prs/vendor/laravel/framework/src/Illuminate/Console/Concerns/CallsCommands.php(29): Illuminate\\Console\\Command->runCommand('db:seed', Array, Object(Illuminate\\Console\\OutputStyle))
#55 /home/haru/Desktop/projects/prs/vendor/laravel/framework/src/Illuminate/Database/Console/Migrations/MigrateCommand.php(127): Illuminate\\Console\\Command->call('db:seed', Array)
#56 /home/haru/Desktop/projects/prs/vendor/laravel/framework/src/Illuminate/Database/Migrations/Migrator.php(671): Illuminate\\Database\\Console\\Migrations\\MigrateCommand->{closure:Illuminate\\Database\\Console\\Migrations\\MigrateCommand::runMigrations():111}()
#57 /home/haru/Desktop/projects/prs/vendor/laravel/framework/src/Illuminate/Database/Console/Migrations/MigrateCommand.php(111): Illuminate\\Database\\Migrations\\Migrator->usingConnection(NULL, Object(Closure))
#58 /home/haru/Desktop/projects/prs/vendor/laravel/framework/src/Illuminate/Database/Console/Migrations/MigrateCommand.php(90): Illuminate\\Database\\Console\\Migrations\\MigrateCommand->runMigrations()
#59 /home/haru/Desktop/projects/prs/vendor/laravel/framework/src/Illuminate/Container/BoundMethod.php(36): Illuminate\\Database\\Console\\Migrations\\MigrateCommand->handle()
#60 /home/haru/Desktop/projects/prs/vendor/laravel/framework/src/Illuminate/Container/Util.php(43): Illuminate\\Container\\BoundMethod::{closure:Illuminate\\Container\\BoundMethod::call():35}()
#61 /home/haru/Desktop/projects/prs/vendor/laravel/framework/src/Illuminate/Container/BoundMethod.php(96): Illuminate\\Container\\Util::unwrapIfClosure(Object(Closure))
#62 /home/haru/Desktop/projects/prs/vendor/laravel/framework/src/Illuminate/Container/BoundMethod.php(35): Illuminate\\Container\\BoundMethod::callBoundMethod(Object(Illuminate\\Foundation\\Application), Array, Object(Closure))
#63 /home/haru/Desktop/projects/prs/vendor/laravel/framework/src/Illuminate/Container/Container.php(799): Illuminate\\Container\\BoundMethod::call(Object(Illuminate\\Foundation\\Application), Array, Array, NULL)
#64 /home/haru/Desktop/projects/prs/vendor/laravel/framework/src/Illuminate/Console/Command.php(273): Illuminate\\Container\\Container->call(Array)
#65 /home/haru/Desktop/projects/prs/vendor/symfony/console/Command/Command.php(291): Illuminate\\Console\\Command->execute(Object(Symfony\\Component\\Console\\Input\\ArgvInput), Object(Illuminate\\Console\\OutputStyle))
#66 /home/haru/Desktop/projects/prs/vendor/laravel/framework/src/Illuminate/Console/Command.php(242): Symfony\\Component\\Console\\Command\\Command->run(Object(Symfony\\Component\\Console\\Input\\ArgvInput), Object(Illuminate\\Console\\OutputStyle))
#67 /home/haru/Desktop/projects/prs/vendor/symfony/console/Application.php(1107): Illuminate\\Console\\Command->run(Object(Symfony\\Component\\Console\\Input\\ArgvInput), Object(Symfony\\Component\\Console\\Output\\ConsoleOutput))
#68 /home/haru/Desktop/projects/prs/vendor/symfony/console/Application.php(356): Symfony\\Component\\Console\\Application->doRunCommand(Object(Illuminate\\Database\\Console\\Migrations\\MigrateCommand), Object(Symfony\\Component\\Console\\Input\\ArgvInput), Object(Symfony\\Component\\Console\\Output\\ConsoleOutput))
#69 /home/haru/Desktop/projects/prs/vendor/symfony/console/Application.php(195): Symfony\\Component\\Console\\Application->doRun(Object(Symfony\\Component\\Console\\Input\\ArgvInput), Object(Symfony\\Component\\Console\\Output\\ConsoleOutput))
#70 /home/haru/Desktop/projects/prs/vendor/laravel/framework/src/Illuminate/Foundation/Console/Kernel.php(198): Symfony\\Component\\Console\\Application->run(Object(Symfony\\Component\\Console\\Input\\ArgvInput), Object(Symfony\\Component\\Console\\Output\\ConsoleOutput))
#71 /home/haru/Desktop/projects/prs/vendor/laravel/framework/src/Illuminate/Foundation/Application.php(1235): Illuminate\\Foundation\\Console\\Kernel->handle(Object(Symfony\\Component\\Console\\Input\\ArgvInput), Object(Symfony\\Component\\Console\\Output\\ConsoleOutput))
#72 /home/haru/Desktop/projects/prs/artisan(16): Illuminate\\Foundation\\Application->handleCommand(Object(Symfony\\Component\\Console\\Input\\ArgvInput))
#73 {main}

[previous exception] [object] (GuzzleHttp\\Exception\\ConnectException(code: 0): cURL error 6: Could not resolve host: carbone (see https://curl.haxx.se/libcurl/c/libcurl-errors.html) for http://carbone:4000/render/template?download=true at /home/haru/Desktop/projects/prs/vendor/guzzlehttp/guzzle/src/Handler/CurlFactory.php:277)
[stacktrace]
#0 /home/haru/Desktop/projects/prs/vendor/guzzlehttp/guzzle/src/Handler/CurlFactory.php(207): GuzzleHttp\\Handler\\CurlFactory::createRejection(Object(GuzzleHttp\\Handler\\EasyHandle), Array)
#1 /home/haru/Desktop/projects/prs/vendor/guzzlehttp/guzzle/src/Handler/CurlFactory.php(159): GuzzleHttp\\Handler\\CurlFactory::finishError(Object(GuzzleHttp\\Handler\\CurlHandler), Object(GuzzleHttp\\Handler\\EasyHandle), Object(GuzzleHttp\\Handler\\CurlFactory))
#2 /home/haru/Desktop/projects/prs/vendor/guzzlehttp/guzzle/src/Handler/CurlHandler.php(47): GuzzleHttp\\Handler\\CurlFactory::finish(Object(GuzzleHttp\\Handler\\CurlHandler), Object(GuzzleHttp\\Handler\\EasyHandle), Object(GuzzleHttp\\Handler\\CurlFactory))
#3 /home/haru/Desktop/projects/prs/vendor/guzzlehttp/guzzle/src/Handler/Proxy.php(28): GuzzleHttp\\Handler\\CurlHandler->__invoke(Object(GuzzleHttp\\Psr7\\Request), Array)
#4 /home/haru/Desktop/projects/prs/vendor/guzzlehttp/guzzle/src/Handler/Proxy.php(48): GuzzleHttp\\Handler\\Proxy::{closure:GuzzleHttp\\Handler\\Proxy::wrapSync():27}(Object(GuzzleHttp\\Psr7\\Request), Array)
#5 /home/haru/Desktop/projects/prs/vendor/laravel/framework/src/Illuminate/Http/Client/PendingRequest.php(1523): GuzzleHttp\\Handler\\Proxy::{closure:GuzzleHttp\\Handler\\Proxy::wrapStreaming():47}(Object(GuzzleHttp\\Psr7\\Request), Array)
#6 /home/haru/Desktop/projects/prs/vendor/laravel/framework/src/Illuminate/Http/Client/PendingRequest.php(1480): Illuminate\\Http\\Client\\PendingRequest->{closure:{closure:Illuminate\\Http\\Client\\PendingRequest::buildStubHandler():1505}:1506}(Object(GuzzleHttp\\Psr7\\Request), Array)
#7 /home/haru/Desktop/projects/prs/vendor/laravel/framework/src/Illuminate/Http/Client/PendingRequest.php(1466): Illuminate\\Http\\Client\\PendingRequest->{closure:{closure:Illuminate\\Http\\Client\\PendingRequest::buildRecorderHandler():1478}:1479}(Object(GuzzleHttp\\Psr7\\Request), Array)
#8 /home/haru/Desktop/projects/prs/vendor/guzzlehttp/guzzle/src/PrepareBodyMiddleware.php(64): Illuminate\\Http\\Client\\PendingRequest->{closure:{closure:Illuminate\\Http\\Client\\PendingRequest::buildBeforeSendingHandler():1464}:1465}(Object(GuzzleHttp\\Psr7\\Request), Array)
#9 /home/haru/Desktop/projects/prs/vendor/guzzlehttp/guzzle/src/Middleware.php(38): GuzzleHttp\\PrepareBodyMiddleware->__invoke(Object(GuzzleHttp\\Psr7\\Request), Array)
#10 /home/haru/Desktop/projects/prs/vendor/guzzlehttp/guzzle/src/RedirectMiddleware.php(71): GuzzleHttp\\Middleware::{closure:{closure:GuzzleHttp\\Middleware::cookies():28}:29}(Object(GuzzleHttp\\Psr7\\Request), Array)
#11 /home/haru/Desktop/projects/prs/vendor/guzzlehttp/guzzle/src/Middleware.php(63): GuzzleHttp\\RedirectMiddleware->__invoke(Object(GuzzleHttp\\Psr7\\Request), Array)
#12 /home/haru/Desktop/projects/prs/vendor/guzzlehttp/guzzle/src/HandlerStack.php(75): GuzzleHttp\\Middleware::{closure:{closure:GuzzleHttp\\Middleware::httpErrors():60}:61}(Object(GuzzleHttp\\Psr7\\Request), Array)
#13 /home/haru/Desktop/projects/prs/vendor/guzzlehttp/guzzle/src/Client.php(333): GuzzleHttp\\HandlerStack->__invoke(Object(GuzzleHttp\\Psr7\\Request), Array)
#14 /home/haru/Desktop/projects/prs/vendor/guzzlehttp/guzzle/src/Client.php(169): GuzzleHttp\\Client->transfer(Object(GuzzleHttp\\Psr7\\Request), Array)
#15 /home/haru/Desktop/projects/prs/vendor/guzzlehttp/guzzle/src/Client.php(189): GuzzleHttp\\Client->requestAsync('POST', Object(GuzzleHttp\\Psr7\\Uri), Array)
#16 /home/haru/Desktop/projects/prs/vendor/laravel/framework/src/Illuminate/Http/Client/PendingRequest.php(1306): GuzzleHttp\\Client->request('POST', 'http://carbone:...', Array)
#17 /home/haru/Desktop/projects/prs/vendor/laravel/framework/src/Illuminate/Http/Client/PendingRequest.php(1043): Illuminate\\Http\\Client\\PendingRequest->sendRequest('POST', 'http://carbone:...', Array)
#18 /home/haru/Desktop/projects/prs/vendor/laravel/framework/src/Illuminate/Support/helpers.php(328): Illuminate\\Http\\Client\\PendingRequest->{closure:Illuminate\\Http\\Client\\PendingRequest::send():1041}(1)
#19 /home/haru/Desktop/projects/prs/vendor/laravel/framework/src/Illuminate/Http/Client/PendingRequest.php(1041): retry(0, Object(Closure), 100, Object(Closure))
#20 /home/haru/Desktop/projects/prs/vendor/laravel/framework/src/Illuminate/Http/Client/PendingRequest.php(885): Illuminate\\Http\\Client\\PendingRequest->send('POST', 'http://carbone:...', Array)
#21 /home/haru/Desktop/projects/prs/app/Services/CarboneClient.php(19): Illuminate\\Http\\Client\\PendingRequest->post('/render/templat...', Array)
#22 /home/haru/Desktop/projects/prs/app/Services/DocxTemplateProcessor.php(51): App\\Services\\CarboneClient->render('PK\\x03\\x04\\x14\\x00\\x00\\x00\\x08\\x00\\xB1d\\xE6\\\\\\xEE...', Array)
#23 /home/haru/Desktop/projects/prs/app/Pdf/BuildReceivingReportPdf.php(46): App\\Services\\DocxTemplateProcessor->renderReceivingReport(Object(App\\Models\\Document), Object(App\\Models\\ReceivingReport))
#24 /home/haru/Desktop/projects/prs/app/Listeners/SnapshotReceivingReportFinalDocument.php(32): App\\Pdf\\BuildReceivingReportPdf->build(Object(App\\Models\\ReceivingReport))
#25 /home/haru/Desktop/projects/prs/vendor/laravel/framework/src/Illuminate/Events/Dispatcher.php(518): App\\Listeners\\SnapshotReceivingReportFinalDocument->handle(Object(App\\Events\\Workflow\\WorkflowCompleted))
#26 /home/haru/Desktop/projects/prs/vendor/laravel/framework/src/Illuminate/Events/Dispatcher.php(328): Illuminate\\Events\\Dispatcher->{closure:Illuminate\\Events\\Dispatcher::createClassListener():511}('App\\\\Events\\\\Work...', Array)
#27 /home/haru/Desktop/projects/prs/vendor/laravel/framework/src/Illuminate/Events/Dispatcher.php(308): Illuminate\\Events\\Dispatcher->invokeListeners('App\\\\Events\\\\Work...', Array, false)
#28 /home/haru/Desktop/projects/prs/vendor/laravel/framework/src/Illuminate/Foundation/helpers.php(505): Illuminate\\Events\\Dispatcher->dispatch(Object(App\\Events\\Workflow\\WorkflowCompleted))
#29 /home/haru/Desktop/projects/prs/vendor/laravel/framework/src/Illuminate/Foundation/Events/Dispatchable.php(15): event(Object(App\\Events\\Workflow\\WorkflowCompleted))
#30 /home/haru/Desktop/projects/prs/app/Services/Workflow/WorkflowEngine.php(428): App\\Events\\Workflow\\WorkflowCompleted::dispatch(Object(App\\Models\\WorkflowInstance))
#31 /home/haru/Desktop/projects/prs/app/Services/Workflow/WorkflowEngine.php(486): App\\Services\\Workflow\\WorkflowEngine->{closure:App\\Services\\Workflow\\WorkflowEngine::advance():428}()
#32 /home/haru/Desktop/projects/prs/app/Services/Workflow/WorkflowEngine.php(249): App\\Services\\Workflow\\WorkflowEngine->runAfterCommit(Array)
#33 /home/haru/Desktop/projects/prs/app/Services/Workflow/WorkflowManager.php(73): App\\Services\\Workflow\\WorkflowEngine->act(Object(App\\Models\\WorkflowInstance), Object(App\\Models\\ReceivingReport), Object(App\\Models\\User), App\\Enums\\WorkflowActionType::Approve, 'Processed by se...')
#34 /home/haru/Desktop/projects/prs/database/seeders/ProcurementWorkflowSeeder.php(315): App\\Services\\Workflow\\WorkflowManager->act(Object(App\\Models\\ReceivingReport), Object(App\\Models\\User), App\\Enums\\WorkflowActionType::Approve, 'Processed by se...')
#35 /home/haru/Desktop/projects/prs/database/seeders/ProcurementWorkflowSeeder.php(335): Database\\Seeders\\ProcurementWorkflowSeeder->completeActiveStep(Object(App\\Models\\ReceivingReport))
#36 /home/haru/Desktop/projects/prs/database/seeders/ProcurementWorkflowSeeder.php(281): Database\\Seeders\\ProcurementWorkflowSeeder->fullyComplete(Object(App\\Models\\ReceivingReport))
#37 /home/haru/Desktop/projects/prs/database/seeders/ProcurementWorkflowSeeder.php(537): Database\\Seeders\\ProcurementWorkflowSeeder->fullyVerifyRR(Object(App\\Models\\ReceivingReport))
#38 /home/haru/Desktop/projects/prs/database/seeders/ProcurementWorkflowSeeder.php(137): Database\\Seeders\\ProcurementWorkflowSeeder->seedScenario7_PO_FullyReceived_RR_Verified()
#39 /home/haru/Desktop/projects/prs/vendor/laravel/framework/src/Illuminate/Database/Concerns/ManagesTransactions.php(35): Database\\Seeders\\ProcurementWorkflowSeeder->{closure:Database\\Seeders\\ProcurementWorkflowSeeder::run():130}(Object(Illuminate\\Database\\SQLiteConnection))
#40 /home/haru/Desktop/projects/prs/vendor/laravel/framework/src/Illuminate/Database/DatabaseManager.php(493): Illuminate\\Database\\Connection->transaction(Object(Closure))
#41 /home/haru/Desktop/projects/prs/vendor/laravel/framework/src/Illuminate/Support/Facades/Facade.php(363): Illuminate\\Database\\DatabaseManager->__call('transaction', Array)
#42 /home/haru/Desktop/projects/prs/database/seeders/ProcurementWorkflowSeeder.php(130): Illuminate\\Support\\Facades\\Facade::__callStatic('transaction', Array)
#43 /home/haru/Desktop/projects/prs/vendor/laravel/framework/src/Illuminate/Container/BoundMethod.php(36): Database\\Seeders\\ProcurementWorkflowSeeder->run()
#44 /home/haru/Desktop/projects/prs/vendor/laravel/framework/src/Illuminate/Container/Util.php(43): Illuminate\\Container\\BoundMethod::{closure:Illuminate\\Container\\BoundMethod::call():35}()
#45 /home/haru/Desktop/projects/prs/vendor/laravel/framework/src/Illuminate/Container/BoundMethod.php(96): Illuminate\\Container\\Util::unwrapIfClosure(Object(Closure))
#46 /home/haru/Desktop/projects/prs/vendor/laravel/framework/src/Illuminate/Container/BoundMethod.php(35): Illuminate\\Container\\BoundMethod::callBoundMethod(Object(Illuminate\\Foundation\\Application), Array, Object(Closure))
#47 /home/haru/Desktop/projects/prs/vendor/laravel/framework/src/Illuminate/Container/Container.php(799): Illuminate\\Container\\BoundMethod::call(Object(Illuminate\\Foundation\\Application), Array, Array, NULL)
#48 /home/haru/Desktop/projects/prs/vendor/laravel/framework/src/Illuminate/Database/Seeder.php(184): Illuminate\\Container\\Container->call(Array, Array)
#49 /home/haru/Desktop/projects/prs/vendor/laravel/framework/src/Illuminate/Database/Seeder.php(193): Illuminate\\Database\\Seeder->{closure:Illuminate\\Database\\Seeder::__invoke():183}()
#50 /home/haru/Desktop/projects/prs/vendor/laravel/framework/src/Illuminate/Database/Seeder.php(59): Illuminate\\Database\\Seeder->__invoke(Array)
#51 /home/haru/Desktop/projects/prs/database/seeders/DatabaseSeeder.php(14): Illuminate\\Database\\Seeder->call('Database\\\\Seeder...')
#52 /home/haru/Desktop/projects/prs/vendor/laravel/framework/src/Illuminate/Container/BoundMethod.php(36): Database\\Seeders\\DatabaseSeeder->run()
#53 /home/haru/Desktop/projects/prs/vendor/laravel/framework/src/Illuminate/Container/Util.php(43): Illuminate\\Container\\BoundMethod::{closure:Illuminate\\Container\\BoundMethod::call():35}()
#54 /home/haru/Desktop/projects/prs/vendor/laravel/framework/src/Illuminate/Container/BoundMethod.php(96): Illuminate\\Container\\Util::unwrapIfClosure(Object(Closure))
#55 /home/haru/Desktop/projects/prs/vendor/laravel/framework/src/Illuminate/Container/BoundMethod.php(35): Illuminate\\Container\\BoundMethod::callBoundMethod(Object(Illuminate\\Foundation\\Application), Array, Object(Closure))
#56 /home/haru/Desktop/projects/prs/vendor/laravel/framework/src/Illuminate/Container/Container.php(799): Illuminate\\Container\\BoundMethod::call(Object(Illuminate\\Foundation\\Application), Array, Array, NULL)
#57 /home/haru/Desktop/projects/prs/vendor/laravel/framework/src/Illuminate/Database/Seeder.php(184): Illuminate\\Container\\Container->call(Array, Array)
#58 /home/haru/Desktop/projects/prs/vendor/laravel/framework/src/Illuminate/Database/Seeder.php(193): Illuminate\\Database\\Seeder->{closure:Illuminate\\Database\\Seeder::__invoke():183}()
#59 /home/haru/Desktop/projects/prs/vendor/laravel/framework/src/Illuminate/Database/Console/Seeds/SeedCommand.php(71): Illuminate\\Database\\Seeder->__invoke()
#60 /home/haru/Desktop/projects/prs/vendor/laravel/framework/src/Illuminate/Database/Eloquent/Concerns/GuardsAttributes.php(183): Illuminate\\Database\\Console\\Seeds\\SeedCommand->{closure:Illuminate\\Database\\Console\\Seeds\\SeedCommand::handle():70}()
#61 /home/haru/Desktop/projects/prs/vendor/laravel/framework/src/Illuminate/Database/Console/Seeds/SeedCommand.php(70): Illuminate\\Database\\Eloquent\\Model::unguarded(Object(Closure))
#62 /home/haru/Desktop/projects/prs/vendor/laravel/framework/src/Illuminate/Container/BoundMethod.php(36): Illuminate\\Database\\Console\\Seeds\\SeedCommand->handle()
#63 /home/haru/Desktop/projects/prs/vendor/laravel/framework/src/Illuminate/Container/Util.php(43): Illuminate\\Container\\BoundMethod::{closure:Illuminate\\Container\\BoundMethod::call():35}()
#64 /home/haru/Desktop/projects/prs/vendor/laravel/framework/src/Illuminate/Container/BoundMethod.php(96): Illuminate\\Container\\Util::unwrapIfClosure(Object(Closure))
#65 /home/haru/Desktop/projects/prs/vendor/laravel/framework/src/Illuminate/Container/BoundMethod.php(35): Illuminate\\Container\\BoundMethod::callBoundMethod(Object(Illuminate\\Foundation\\Application), Array, Object(Closure))
#66 /home/haru/Desktop/projects/prs/vendor/laravel/framework/src/Illuminate/Container/Container.php(799): Illuminate\\Container\\BoundMethod::call(Object(Illuminate\\Foundation\\Application), Array, Array, NULL)
#67 /home/haru/Desktop/projects/prs/vendor/laravel/framework/src/Illuminate/Console/Command.php(273): Illuminate\\Container\\Container->call(Array)
#68 /home/haru/Desktop/projects/prs/vendor/symfony/console/Command/Command.php(291): Illuminate\\Console\\Command->execute(Object(Symfony\\Component\\Console\\Input\\ArrayInput), Object(Illuminate\\Console\\OutputStyle))
#69 /home/haru/Desktop/projects/prs/vendor/laravel/framework/src/Illuminate/Console/Command.php(242): Symfony\\Component\\Console\\Command\\Command->run(Object(Symfony\\Component\\Console\\Input\\ArrayInput), Object(Illuminate\\Console\\OutputStyle))
#70 /home/haru/Desktop/projects/prs/vendor/laravel/framework/src/Illuminate/Console/Concerns/CallsCommands.php(68): Illuminate\\Console\\Command->run(Object(Symfony\\Component\\Console\\Input\\ArrayInput), Object(Illuminate\\Console\\OutputStyle))
#71 /home/haru/Desktop/projects/prs/vendor/laravel/framework/src/Illuminate/Console/Concerns/CallsCommands.php(29): Illuminate\\Console\\Command->runCommand('db:seed', Array, Object(Illuminate\\Console\\OutputStyle))
#72 /home/haru/Desktop/projects/prs/vendor/laravel/framework/src/Illuminate/Database/Console/Migrations/MigrateCommand.php(127): Illuminate\\Console\\Command->call('db:seed', Array)
#73 /home/haru/Desktop/projects/prs/vendor/laravel/framework/src/Illuminate/Database/Migrations/Migrator.php(671): Illuminate\\Database\\Console\\Migrations\\MigrateCommand->{closure:Illuminate\\Database\\Console\\Migrations\\MigrateCommand::runMigrations():111}()
#74 /home/haru/Desktop/projects/prs/vendor/laravel/framework/src/Illuminate/Database/Console/Migrations/MigrateCommand.php(111): Illuminate\\Database\\Migrations\\Migrator->usingConnection(NULL, Object(Closure))
#75 /home/haru/Desktop/projects/prs/vendor/laravel/framework/src/Illuminate/Database/Console/Migrations/MigrateCommand.php(90): Illuminate\\Database\\Console\\Migrations\\MigrateCommand->runMigrations()
#76 /home/haru/Desktop/projects/prs/vendor/laravel/framework/src/Illuminate/Container/BoundMethod.php(36): Illuminate\\Database\\Console\\Migrations\\MigrateCommand->handle()
#77 /home/haru/Desktop/projects/prs/vendor/laravel/framework/src/Illuminate/Container/Util.php(43): Illuminate\\Container\\BoundMethod::{closure:Illuminate\\Container\\BoundMethod::call():35}()
#78 /home/haru/Desktop/projects/prs/vendor/laravel/framework/src/Illuminate/Container/BoundMethod.php(96): Illuminate\\Container\\Util::unwrapIfClosure(Object(Closure))
#79 /home/haru/Desktop/projects/prs/vendor/laravel/framework/src/Illuminate/Container/BoundMethod.php(35): Illuminate\\Container\\BoundMethod::callBoundMethod(Object(Illuminate\\Foundation\\Application), Array, Object(Closure))
#80 /home/haru/Desktop/projects/prs/vendor/laravel/framework/src/Illuminate/Container/Container.php(799): Illuminate\\Container\\BoundMethod::call(Object(Illuminate\\Foundation\\Application), Array, Array, NULL)
#81 /home/haru/Desktop/projects/prs/vendor/laravel/framework/src/Illuminate/Console/Command.php(273): Illuminate\\Container\\Container->call(Array)
#82 /home/haru/Desktop/projects/prs/vendor/symfony/console/Command/Command.php(291): Illuminate\\Console\\Command->execute(Object(Symfony\\Component\\Console\\Input\\ArgvInput), Object(Illuminate\\Console\\OutputStyle))
#83 /home/haru/Desktop/projects/prs/vendor/laravel/framework/src/Illuminate/Console/Command.php(242): Symfony\\Component\\Console\\Command\\Command->run(Object(Symfony\\Component\\Console\\Input\\ArgvInput), Object(Illuminate\\Console\\OutputStyle))
#84 /home/haru/Desktop/projects/prs/vendor/symfony/console/Application.php(1107): Illuminate\\Console\\Command->run(Object(Symfony\\Component\\Console\\Input\\ArgvInput), Object(Symfony\\Component\\Console\\Output\\ConsoleOutput))
#85 /home/haru/Desktop/projects/prs/vendor/symfony/console/Application.php(356): Symfony\\Component\\Console\\Application->doRunCommand(Object(Illuminate\\Database\\Console\\Migrations\\MigrateCommand), Object(Symfony\\Component\\Console\\Input\\ArgvInput), Object(Symfony\\Component\\Console\\Output\\ConsoleOutput))
#86 /home/haru/Desktop/projects/prs/vendor/symfony/console/Application.php(195): Symfony\\Component\\Console\\Application->doRun(Object(Symfony\\Component\\Console\\Input\\ArgvInput), Object(Symfony\\Component\\Console\\Output\\ConsoleOutput))
#87 /home/haru/Desktop/projects/prs/vendor/laravel/framework/src/Illuminate/Foundation/Console/Kernel.php(198): Symfony\\Component\\Console\\Application->run(Object(Symfony\\Component\\Console\\Input\\ArgvInput), Object(Symfony\\Component\\Console\\Output\\ConsoleOutput))
#88 /home/haru/Desktop/projects/prs/vendor/laravel/framework/src/Illuminate/Foundation/Application.php(1235): Illuminate\\Foundation\\Console\\Kernel->handle(Object(Symfony\\Component\\Console\\Input\\ArgvInput), Object(Symfony\\Component\\Console\\Output\\ConsoleOutput))
#89 /home/haru/Desktop/projects/prs/artisan(16): Illuminate\\Foundation\\Application->handleCommand(Object(Symfony\\Component\\Console\\Input\\ArgvInput))
#90 {main}
"} 
[2026-07-13 04:43:04] local.ERROR: cURL error 6: Could not resolve host: carbone (see https://curl.haxx.se/libcurl/c/libcurl-errors.html) for http://carbone:4000/render/template?download=true {"exception":"[object] (Illuminate\\Http\\Client\\ConnectionException(code: 0): cURL error 6: Could not resolve host: carbone (see https://curl.haxx.se/libcurl/c/libcurl-errors.html) for http://carbone:4000/render/template?download=true at /home/haru/Desktop/projects/prs/vendor/laravel/framework/src/Illuminate/Http/Client/PendingRequest.php:1805)
[stacktrace]
#0 /home/haru/Desktop/projects/prs/vendor/laravel/framework/src/Illuminate/Http/Client/PendingRequest.php(1081): Illuminate\\Http\\Client\\PendingRequest->marshalConnectionException(Object(GuzzleHttp\\Exception\\ConnectException))
#1 /home/haru/Desktop/projects/prs/vendor/laravel/framework/src/Illuminate/Support/helpers.php(328): Illuminate\\Http\\Client\\PendingRequest->{closure:Illuminate\\Http\\Client\\PendingRequest::send():1041}(1)
#2 /home/haru/Desktop/projects/prs/vendor/laravel/framework/src/Illuminate/Http/Client/PendingRequest.php(1041): retry(0, Object(Closure), 100, Object(Closure))
#3 /home/haru/Desktop/projects/prs/vendor/laravel/framework/src/Illuminate/Http/Client/PendingRequest.php(885): Illuminate\\Http\\Client\\PendingRequest->send('POST', 'http://carbone:...', Array)
#4 /home/haru/Desktop/projects/prs/app/Services/CarboneClient.php(19): Illuminate\\Http\\Client\\PendingRequest->post('/render/templat...', Array)
#5 /home/haru/Desktop/projects/prs/app/Services/DocxTemplateProcessor.php(51): App\\Services\\CarboneClient->render('PK\\x03\\x04\\x14\\x00\\x00\\x00\\x08\\x00\\xB1d\\xE6\\\\\\xEE...', Array)
#6 /home/haru/Desktop/projects/prs/app/Pdf/BuildReceivingReportPdf.php(46): App\\Services\\DocxTemplateProcessor->renderReceivingReport(Object(App\\Models\\Document), Object(App\\Models\\ReceivingReport))
#7 /home/haru/Desktop/projects/prs/app/Listeners/SnapshotReceivingReportFinalDocument.php(32): App\\Pdf\\BuildReceivingReportPdf->build(Object(App\\Models\\ReceivingReport))
#8 /home/haru/Desktop/projects/prs/vendor/laravel/framework/src/Illuminate/Events/Dispatcher.php(518): App\\Listeners\\SnapshotReceivingReportFinalDocument->handle(Object(App\\Events\\Workflow\\WorkflowCompleted))
#9 /home/haru/Desktop/projects/prs/vendor/laravel/framework/src/Illuminate/Events/Dispatcher.php(328): Illuminate\\Events\\Dispatcher->{closure:Illuminate\\Events\\Dispatcher::createClassListener():511}('App\\\\Events\\\\Work...', Array)
#10 /home/haru/Desktop/projects/prs/vendor/laravel/framework/src/Illuminate/Events/Dispatcher.php(308): Illuminate\\Events\\Dispatcher->invokeListeners('App\\\\Events\\\\Work...', Array, false)
#11 /home/haru/Desktop/projects/prs/vendor/laravel/framework/src/Illuminate/Foundation/helpers.php(505): Illuminate\\Events\\Dispatcher->dispatch(Object(App\\Events\\Workflow\\WorkflowCompleted))
#12 /home/haru/Desktop/projects/prs/vendor/laravel/framework/src/Illuminate/Foundation/Events/Dispatchable.php(15): event(Object(App\\Events\\Workflow\\WorkflowCompleted))
#13 /home/haru/Desktop/projects/prs/app/Services/Workflow/WorkflowEngine.php(428): App\\Events\\Workflow\\WorkflowCompleted::dispatch(Object(App\\Models\\WorkflowInstance))
#14 /home/haru/Desktop/projects/prs/app/Services/Workflow/WorkflowEngine.php(486): App\\Services\\Workflow\\WorkflowEngine->{closure:App\\Services\\Workflow\\WorkflowEngine::advance():428}()
#15 /home/haru/Desktop/projects/prs/app/Services/Workflow/WorkflowEngine.php(249): App\\Services\\Workflow\\WorkflowEngine->runAfterCommit(Array)
#16 /home/haru/Desktop/projects/prs/app/Services/Workflow/WorkflowManager.php(73): App\\Services\\Workflow\\WorkflowEngine->act(Object(App\\Models\\WorkflowInstance), Object(App\\Models\\ReceivingReport), Object(App\\Models\\User), App\\Enums\\WorkflowActionType::Approve, 'Processed by se...')
#17 /home/haru/Desktop/projects/prs/database/seeders/ProcurementWorkflowSeeder.php(315): App\\Services\\Workflow\\WorkflowManager->act(Object(App\\Models\\ReceivingReport), Object(App\\Models\\User), App\\Enums\\WorkflowActionType::Approve, 'Processed by se...')
#18 /home/haru/Desktop/projects/prs/database/seeders/ProcurementWorkflowSeeder.php(335): Database\\Seeders\\ProcurementWorkflowSeeder->completeActiveStep(Object(App\\Models\\ReceivingReport))
#19 /home/haru/Desktop/projects/prs/database/seeders/ProcurementWorkflowSeeder.php(281): Database\\Seeders\\ProcurementWorkflowSeeder->fullyComplete(Object(App\\Models\\ReceivingReport))
#20 /home/haru/Desktop/projects/prs/database/seeders/ProcurementWorkflowSeeder.php(568): Database\\Seeders\\ProcurementWorkflowSeeder->fullyVerifyRR(Object(App\\Models\\ReceivingReport))
#21 /home/haru/Desktop/projects/prs/database/seeders/ProcurementWorkflowSeeder.php(138): Database\\Seeders\\ProcurementWorkflowSeeder->seedScenario8_SplitPO_MixedReceiving()
#22 /home/haru/Desktop/projects/prs/vendor/laravel/framework/src/Illuminate/Database/Concerns/ManagesTransactions.php(35): Database\\Seeders\\ProcurementWorkflowSeeder->{closure:Database\\Seeders\\ProcurementWorkflowSeeder::run():130}(Object(Illuminate\\Database\\SQLiteConnection))
#23 /home/haru/Desktop/projects/prs/vendor/laravel/framework/src/Illuminate/Database/DatabaseManager.php(493): Illuminate\\Database\\Connection->transaction(Object(Closure))
#24 /home/haru/Desktop/projects/prs/vendor/laravel/framework/src/Illuminate/Support/Facades/Facade.php(363): Illuminate\\Database\\DatabaseManager->__call('transaction', Array)
#25 /home/haru/Desktop/projects/prs/database/seeders/ProcurementWorkflowSeeder.php(130): Illuminate\\Support\\Facades\\Facade::__callStatic('transaction', Array)
#26 /home/haru/Desktop/projects/prs/vendor/laravel/framework/src/Illuminate/Container/BoundMethod.php(36): Database\\Seeders\\ProcurementWorkflowSeeder->run()
#27 /home/haru/Desktop/projects/prs/vendor/laravel/framework/src/Illuminate/Container/Util.php(43): Illuminate\\Container\\BoundMethod::{closure:Illuminate\\Container\\BoundMethod::call():35}()
#28 /home/haru/Desktop/projects/prs/vendor/laravel/framework/src/Illuminate/Container/BoundMethod.php(96): Illuminate\\Container\\Util::unwrapIfClosure(Object(Closure))
#29 /home/haru/Desktop/projects/prs/vendor/laravel/framework/src/Illuminate/Container/BoundMethod.php(35): Illuminate\\Container\\BoundMethod::callBoundMethod(Object(Illuminate\\Foundation\\Application), Array, Object(Closure))
#30 /home/haru/Desktop/projects/prs/vendor/laravel/framework/src/Illuminate/Container/Container.php(799): Illuminate\\Container\\BoundMethod::call(Object(Illuminate\\Foundation\\Application), Array, Array, NULL)
#31 /home/haru/Desktop/projects/prs/vendor/laravel/framework/src/Illuminate/Database/Seeder.php(184): Illuminate\\Container\\Container->call(Array, Array)
#32 /home/haru/Desktop/projects/prs/vendor/laravel/framework/src/Illuminate/Database/Seeder.php(193): Illuminate\\Database\\Seeder->{closure:Illuminate\\Database\\Seeder::__invoke():183}()
#33 /home/haru/Desktop/projects/prs/vendor/laravel/framework/src/Illuminate/Database/Seeder.php(59): Illuminate\\Database\\Seeder->__invoke(Array)
#34 /home/haru/Desktop/projects/prs/database/seeders/DatabaseSeeder.php(14): Illuminate\\Database\\Seeder->call('Database\\\\Seeder...')
#35 /home/haru/Desktop/projects/prs/vendor/laravel/framework/src/Illuminate/Container/BoundMethod.php(36): Database\\Seeders\\DatabaseSeeder->run()
#36 /home/haru/Desktop/projects/prs/vendor/laravel/framework/src/Illuminate/Container/Util.php(43): Illuminate\\Container\\BoundMethod::{closure:Illuminate\\Container\\BoundMethod::call():35}()
#37 /home/haru/Desktop/projects/prs/vendor/laravel/framework/src/Illuminate/Container/BoundMethod.php(96): Illuminate\\Container\\Util::unwrapIfClosure(Object(Closure))
#38 /home/haru/Desktop/projects/prs/vendor/laravel/framework/src/Illuminate/Container/BoundMethod.php(35): Illuminate\\Container\\BoundMethod::callBoundMethod(Object(Illuminate\\Foundation\\Application), Array, Object(Closure))
#39 /home/haru/Desktop/projects/prs/vendor/laravel/framework/src/Illuminate/Container/Container.php(799): Illuminate\\Container\\BoundMethod::call(Object(Illuminate\\Foundation\\Application), Array, Array, NULL)
#40 /home/haru/Desktop/projects/prs/vendor/laravel/framework/src/Illuminate/Database/Seeder.php(184): Illuminate\\Container\\Container->call(Array, Array)
#41 /home/haru/Desktop/projects/prs/vendor/laravel/framework/src/Illuminate/Database/Seeder.php(193): Illuminate\\Database\\Seeder->{closure:Illuminate\\Database\\Seeder::__invoke():183}()
#42 /home/haru/Desktop/projects/prs/vendor/laravel/framework/src/Illuminate/Database/Console/Seeds/SeedCommand.php(71): Illuminate\\Database\\Seeder->__invoke()
#43 /home/haru/Desktop/projects/prs/vendor/laravel/framework/src/Illuminate/Database/Eloquent/Concerns/GuardsAttributes.php(183): Illuminate\\Database\\Console\\Seeds\\SeedCommand->{closure:Illuminate\\Database\\Console\\Seeds\\SeedCommand::handle():70}()
#44 /home/haru/Desktop/projects/prs/vendor/laravel/framework/src/Illuminate/Database/Console/Seeds/SeedCommand.php(70): Illuminate\\Database\\Eloquent\\Model::unguarded(Object(Closure))
#45 /home/haru/Desktop/projects/prs/vendor/laravel/framework/src/Illuminate/Container/BoundMethod.php(36): Illuminate\\Database\\Console\\Seeds\\SeedCommand->handle()
#46 /home/haru/Desktop/projects/prs/vendor/laravel/framework/src/Illuminate/Container/Util.php(43): Illuminate\\Container\\BoundMethod::{closure:Illuminate\\Container\\BoundMethod::call():35}()
#47 /home/haru/Desktop/projects/prs/vendor/laravel/framework/src/Illuminate/Container/BoundMethod.php(96): Illuminate\\Container\\Util::unwrapIfClosure(Object(Closure))
#48 /home/haru/Desktop/projects/prs/vendor/laravel/framework/src/Illuminate/Container/BoundMethod.php(35): Illuminate\\Container\\BoundMethod::callBoundMethod(Object(Illuminate\\Foundation\\Application), Array, Object(Closure))
#49 /home/haru/Desktop/projects/prs/vendor/laravel/framework/src/Illuminate/Container/Container.php(799): Illuminate\\Container\\BoundMethod::call(Object(Illuminate\\Foundation\\Application), Array, Array, NULL)
#50 /home/haru/Desktop/projects/prs/vendor/laravel/framework/src/Illuminate/Console/Command.php(273): Illuminate\\Container\\Container->call(Array)
#51 /home/haru/Desktop/projects/prs/vendor/symfony/console/Command/Command.php(291): Illuminate\\Console\\Command->execute(Object(Symfony\\Component\\Console\\Input\\ArrayInput), Object(Illuminate\\Console\\OutputStyle))
#52 /home/haru/Desktop/projects/prs/vendor/laravel/framework/src/Illuminate/Console/Command.php(242): Symfony\\Component\\Console\\Command\\Command->run(Object(Symfony\\Component\\Console\\Input\\ArrayInput), Object(Illuminate\\Console\\OutputStyle))
#53 /home/haru/Desktop/projects/prs/vendor/laravel/framework/src/Illuminate/Console/Concerns/CallsCommands.php(68): Illuminate\\Console\\Command->run(Object(Symfony\\Component\\Console\\Input\\ArrayInput), Object(Illuminate\\Console\\OutputStyle))
#54 /home/haru/Desktop/projects/prs/vendor/laravel/framework/src/Illuminate/Console/Concerns/CallsCommands.php(29): Illuminate\\Console\\Command->runCommand('db:seed', Array, Object(Illuminate\\Console\\OutputStyle))
#55 /home/haru/Desktop/projects/prs/vendor/laravel/framework/src/Illuminate/Database/Console/Migrations/MigrateCommand.php(127): Illuminate\\Console\\Command->call('db:seed', Array)
#56 /home/haru/Desktop/projects/prs/vendor/laravel/framework/src/Illuminate/Database/Migrations/Migrator.php(671): Illuminate\\Database\\Console\\Migrations\\MigrateCommand->{closure:Illuminate\\Database\\Console\\Migrations\\MigrateCommand::runMigrations():111}()
#57 /home/haru/Desktop/projects/prs/vendor/laravel/framework/src/Illuminate/Database/Console/Migrations/MigrateCommand.php(111): Illuminate\\Database\\Migrations\\Migrator->usingConnection(NULL, Object(Closure))
#58 /home/haru/Desktop/projects/prs/vendor/laravel/framework/src/Illuminate/Database/Console/Migrations/MigrateCommand.php(90): Illuminate\\Database\\Console\\Migrations\\MigrateCommand->runMigrations()
#59 /home/haru/Desktop/projects/prs/vendor/laravel/framework/src/Illuminate/Container/BoundMethod.php(36): Illuminate\\Database\\Console\\Migrations\\MigrateCommand->handle()
#60 /home/haru/Desktop/projects/prs/vendor/laravel/framework/src/Illuminate/Container/Util.php(43): Illuminate\\Container\\BoundMethod::{closure:Illuminate\\Container\\BoundMethod::call():35}()
#61 /home/haru/Desktop/projects/prs/vendor/laravel/framework/src/Illuminate/Container/BoundMethod.php(96): Illuminate\\Container\\Util::unwrapIfClosure(Object(Closure))
#62 /home/haru/Desktop/projects/prs/vendor/laravel/framework/src/Illuminate/Container/BoundMethod.php(35): Illuminate\\Container\\BoundMethod::callBoundMethod(Object(Illuminate\\Foundation\\Application), Array, Object(Closure))
#63 /home/haru/Desktop/projects/prs/vendor/laravel/framework/src/Illuminate/Container/Container.php(799): Illuminate\\Container\\BoundMethod::call(Object(Illuminate\\Foundation\\Application), Array, Array, NULL)
#64 /home/haru/Desktop/projects/prs/vendor/laravel/framework/src/Illuminate/Console/Command.php(273): Illuminate\\Container\\Container->call(Array)
#65 /home/haru/Desktop/projects/prs/vendor/symfony/console/Command/Command.php(291): Illuminate\\Console\\Command->execute(Object(Symfony\\Component\\Console\\Input\\ArgvInput), Object(Illuminate\\Console\\OutputStyle))
#66 /home/haru/Desktop/projects/prs/vendor/laravel/framework/src/Illuminate/Console/Command.php(242): Symfony\\Component\\Console\\Command\\Command->run(Object(Symfony\\Component\\Console\\Input\\ArgvInput), Object(Illuminate\\Console\\OutputStyle))
#67 /home/haru/Desktop/projects/prs/vendor/symfony/console/Application.php(1107): Illuminate\\Console\\Command->run(Object(Symfony\\Component\\Console\\Input\\ArgvInput), Object(Symfony\\Component\\Console\\Output\\ConsoleOutput))
#68 /home/haru/Desktop/projects/prs/vendor/symfony/console/Application.php(356): Symfony\\Component\\Console\\Application->doRunCommand(Object(Illuminate\\Database\\Console\\Migrations\\MigrateCommand), Object(Symfony\\Component\\Console\\Input\\ArgvInput), Object(Symfony\\Component\\Console\\Output\\ConsoleOutput))
#69 /home/haru/Desktop/projects/prs/vendor/symfony/console/Application.php(195): Symfony\\Component\\Console\\Application->doRun(Object(Symfony\\Component\\Console\\Input\\ArgvInput), Object(Symfony\\Component\\Console\\Output\\ConsoleOutput))
#70 /home/haru/Desktop/projects/prs/vendor/laravel/framework/src/Illuminate/Foundation/Console/Kernel.php(198): Symfony\\Component\\Console\\Application->run(Object(Symfony\\Component\\Console\\Input\\ArgvInput), Object(Symfony\\Component\\Console\\Output\\ConsoleOutput))
#71 /home/haru/Desktop/projects/prs/vendor/laravel/framework/src/Illuminate/Foundation/Application.php(1235): Illuminate\\Foundation\\Console\\Kernel->handle(Object(Symfony\\Component\\Console\\Input\\ArgvInput), Object(Symfony\\Component\\Console\\Output\\ConsoleOutput))
#72 /home/haru/Desktop/projects/prs/artisan(16): Illuminate\\Foundation\\Application->handleCommand(Object(Symfony\\Component\\Console\\Input\\ArgvInput))
#73 {main}

[previous exception] [object] (GuzzleHttp\\Exception\\ConnectException(code: 0): cURL error 6: Could not resolve host: carbone (see https://curl.haxx.se/libcurl/c/libcurl-errors.html) for http://carbone:4000/render/template?download=true at /home/haru/Desktop/projects/prs/vendor/guzzlehttp/guzzle/src/Handler/CurlFactory.php:277)
[stacktrace]
#0 /home/haru/Desktop/projects/prs/vendor/guzzlehttp/guzzle/src/Handler/CurlFactory.php(207): GuzzleHttp\\Handler\\CurlFactory::createRejection(Object(GuzzleHttp\\Handler\\EasyHandle), Array)
#1 /home/haru/Desktop/projects/prs/vendor/guzzlehttp/guzzle/src/Handler/CurlFactory.php(159): GuzzleHttp\\Handler\\CurlFactory::finishError(Object(GuzzleHttp\\Handler\\CurlHandler), Object(GuzzleHttp\\Handler\\EasyHandle), Object(GuzzleHttp\\Handler\\CurlFactory))
#2 /home/haru/Desktop/projects/prs/vendor/guzzlehttp/guzzle/src/Handler/CurlHandler.php(47): GuzzleHttp\\Handler\\CurlFactory::finish(Object(GuzzleHttp\\Handler\\CurlHandler), Object(GuzzleHttp\\Handler\\EasyHandle), Object(GuzzleHttp\\Handler\\CurlFactory))
#3 /home/haru/Desktop/projects/prs/vendor/guzzlehttp/guzzle/src/Handler/Proxy.php(28): GuzzleHttp\\Handler\\CurlHandler->__invoke(Object(GuzzleHttp\\Psr7\\Request), Array)
#4 /home/haru/Desktop/projects/prs/vendor/guzzlehttp/guzzle/src/Handler/Proxy.php(48): GuzzleHttp\\Handler\\Proxy::{closure:GuzzleHttp\\Handler\\Proxy::wrapSync():27}(Object(GuzzleHttp\\Psr7\\Request), Array)
#5 /home/haru/Desktop/projects/prs/vendor/laravel/framework/src/Illuminate/Http/Client/PendingRequest.php(1523): GuzzleHttp\\Handler\\Proxy::{closure:GuzzleHttp\\Handler\\Proxy::wrapStreaming():47}(Object(GuzzleHttp\\Psr7\\Request), Array)
#6 /home/haru/Desktop/projects/prs/vendor/laravel/framework/src/Illuminate/Http/Client/PendingRequest.php(1480): Illuminate\\Http\\Client\\PendingRequest->{closure:{closure:Illuminate\\Http\\Client\\PendingRequest::buildStubHandler():1505}:1506}(Object(GuzzleHttp\\Psr7\\Request), Array)
#7 /home/haru/Desktop/projects/prs/vendor/laravel/framework/src/Illuminate/Http/Client/PendingRequest.php(1466): Illuminate\\Http\\Client\\PendingRequest->{closure:{closure:Illuminate\\Http\\Client\\PendingRequest::buildRecorderHandler():1478}:1479}(Object(GuzzleHttp\\Psr7\\Request), Array)
#8 /home/haru/Desktop/projects/prs/vendor/guzzlehttp/guzzle/src/PrepareBodyMiddleware.php(64): Illuminate\\Http\\Client\\PendingRequest->{closure:{closure:Illuminate\\Http\\Client\\PendingRequest::buildBeforeSendingHandler():1464}:1465}(Object(GuzzleHttp\\Psr7\\Request), Array)
#9 /home/haru/Desktop/projects/prs/vendor/guzzlehttp/guzzle/src/Middleware.php(38): GuzzleHttp\\PrepareBodyMiddleware->__invoke(Object(GuzzleHttp\\Psr7\\Request), Array)
#10 /home/haru/Desktop/projects/prs/vendor/guzzlehttp/guzzle/src/RedirectMiddleware.php(71): GuzzleHttp\\Middleware::{closure:{closure:GuzzleHttp\\Middleware::cookies():28}:29}(Object(GuzzleHttp\\Psr7\\Request), Array)
#11 /home/haru/Desktop/projects/prs/vendor/guzzlehttp/guzzle/src/Middleware.php(63): GuzzleHttp\\RedirectMiddleware->__invoke(Object(GuzzleHttp\\Psr7\\Request), Array)
#12 /home/haru/Desktop/projects/prs/vendor/guzzlehttp/guzzle/src/HandlerStack.php(75): GuzzleHttp\\Middleware::{closure:{closure:GuzzleHttp\\Middleware::httpErrors():60}:61}(Object(GuzzleHttp\\Psr7\\Request), Array)
#13 /home/haru/Desktop/projects/prs/vendor/guzzlehttp/guzzle/src/Client.php(333): GuzzleHttp\\HandlerStack->__invoke(Object(GuzzleHttp\\Psr7\\Request), Array)
#14 /home/haru/Desktop/projects/prs/vendor/guzzlehttp/guzzle/src/Client.php(169): GuzzleHttp\\Client->transfer(Object(GuzzleHttp\\Psr7\\Request), Array)
#15 /home/haru/Desktop/projects/prs/vendor/guzzlehttp/guzzle/src/Client.php(189): GuzzleHttp\\Client->requestAsync('POST', Object(GuzzleHttp\\Psr7\\Uri), Array)
#16 /home/haru/Desktop/projects/prs/vendor/laravel/framework/src/Illuminate/Http/Client/PendingRequest.php(1306): GuzzleHttp\\Client->request('POST', 'http://carbone:...', Array)
#17 /home/haru/Desktop/projects/prs/vendor/laravel/framework/src/Illuminate/Http/Client/PendingRequest.php(1043): Illuminate\\Http\\Client\\PendingRequest->sendRequest('POST', 'http://carbone:...', Array)
#18 /home/haru/Desktop/projects/prs/vendor/laravel/framework/src/Illuminate/Support/helpers.php(328): Illuminate\\Http\\Client\\PendingRequest->{closure:Illuminate\\Http\\Client\\PendingRequest::send():1041}(1)
#19 /home/haru/Desktop/projects/prs/vendor/laravel/framework/src/Illuminate/Http/Client/PendingRequest.php(1041): retry(0, Object(Closure), 100, Object(Closure))
#20 /home/haru/Desktop/projects/prs/vendor/laravel/framework/src/Illuminate/Http/Client/PendingRequest.php(885): Illuminate\\Http\\Client\\PendingRequest->send('POST', 'http://carbone:...', Array)
#21 /home/haru/Desktop/projects/prs/app/Services/CarboneClient.php(19): Illuminate\\Http\\Client\\PendingRequest->post('/render/templat...', Array)
#22 /home/haru/Desktop/projects/prs/app/Services/DocxTemplateProcessor.php(51): App\\Services\\CarboneClient->render('PK\\x03\\x04\\x14\\x00\\x00\\x00\\x08\\x00\\xB1d\\xE6\\\\\\xEE...', Array)
#23 /home/haru/Desktop/projects/prs/app/Pdf/BuildReceivingReportPdf.php(46): App\\Services\\DocxTemplateProcessor->renderReceivingReport(Object(App\\Models\\Document), Object(App\\Models\\ReceivingReport))
#24 /home/haru/Desktop/projects/prs/app/Listeners/SnapshotReceivingReportFinalDocument.php(32): App\\Pdf\\BuildReceivingReportPdf->build(Object(App\\Models\\ReceivingReport))
#25 /home/haru/Desktop/projects/prs/vendor/laravel/framework/src/Illuminate/Events/Dispatcher.php(518): App\\Listeners\\SnapshotReceivingReportFinalDocument->handle(Object(App\\Events\\Workflow\\WorkflowCompleted))
#26 /home/haru/Desktop/projects/prs/vendor/laravel/framework/src/Illuminate/Events/Dispatcher.php(328): Illuminate\\Events\\Dispatcher->{closure:Illuminate\\Events\\Dispatcher::createClassListener():511}('App\\\\Events\\\\Work...', Array)
#27 /home/haru/Desktop/projects/prs/vendor/laravel/framework/src/Illuminate/Events/Dispatcher.php(308): Illuminate\\Events\\Dispatcher->invokeListeners('App\\\\Events\\\\Work...', Array, false)
#28 /home/haru/Desktop/projects/prs/vendor/laravel/framework/src/Illuminate/Foundation/helpers.php(505): Illuminate\\Events\\Dispatcher->dispatch(Object(App\\Events\\Workflow\\WorkflowCompleted))
#29 /home/haru/Desktop/projects/prs/vendor/laravel/framework/src/Illuminate/Foundation/Events/Dispatchable.php(15): event(Object(App\\Events\\Workflow\\WorkflowCompleted))
#30 /home/haru/Desktop/projects/prs/app/Services/Workflow/WorkflowEngine.php(428): App\\Events\\Workflow\\WorkflowCompleted::dispatch(Object(App\\Models\\WorkflowInstance))
#31 /home/haru/Desktop/projects/prs/app/Services/Workflow/WorkflowEngine.php(486): App\\Services\\Workflow\\WorkflowEngine->{closure:App\\Services\\Workflow\\WorkflowEngine::advance():428}()
#32 /home/haru/Desktop/projects/prs/app/Services/Workflow/WorkflowEngine.php(249): App\\Services\\Workflow\\WorkflowEngine->runAfterCommit(Array)
#33 /home/haru/Desktop/projects/prs/app/Services/Workflow/WorkflowManager.php(73): App\\Services\\Workflow\\WorkflowEngine->act(Object(App\\Models\\WorkflowInstance), Object(App\\Models\\ReceivingReport), Object(App\\Models\\User), App\\Enums\\WorkflowActionType::Approve, 'Processed by se...')
#34 /home/haru/Desktop/projects/prs/database/seeders/ProcurementWorkflowSeeder.php(315): App\\Services\\Workflow\\WorkflowManager->act(Object(App\\Models\\ReceivingReport), Object(App\\Models\\User), App\\Enums\\WorkflowActionType::Approve, 'Processed by se...')
#35 /home/haru/Desktop/projects/prs/database/seeders/ProcurementWorkflowSeeder.php(335): Database\\Seeders\\ProcurementWorkflowSeeder->completeActiveStep(Object(App\\Models\\ReceivingReport))
#36 /home/haru/Desktop/projects/prs/database/seeders/ProcurementWorkflowSeeder.php(281): Database\\Seeders\\ProcurementWorkflowSeeder->fullyComplete(Object(App\\Models\\ReceivingReport))
#37 /home/haru/Desktop/projects/prs/database/seeders/ProcurementWorkflowSeeder.php(568): Database\\Seeders\\ProcurementWorkflowSeeder->fullyVerifyRR(Object(App\\Models\\ReceivingReport))
#38 /home/haru/Desktop/projects/prs/database/seeders/ProcurementWorkflowSeeder.php(138): Database\\Seeders\\ProcurementWorkflowSeeder->seedScenario8_SplitPO_MixedReceiving()
#39 /home/haru/Desktop/projects/prs/vendor/laravel/framework/src/Illuminate/Database/Concerns/ManagesTransactions.php(35): Database\\Seeders\\ProcurementWorkflowSeeder->{closure:Database\\Seeders\\ProcurementWorkflowSeeder::run():130}(Object(Illuminate\\Database\\SQLiteConnection))
#40 /home/haru/Desktop/projects/prs/vendor/laravel/framework/src/Illuminate/Database/DatabaseManager.php(493): Illuminate\\Database\\Connection->transaction(Object(Closure))
#41 /home/haru/Desktop/projects/prs/vendor/laravel/framework/src/Illuminate/Support/Facades/Facade.php(363): Illuminate\\Database\\DatabaseManager->__call('transaction', Array)
#42 /home/haru/Desktop/projects/prs/database/seeders/ProcurementWorkflowSeeder.php(130): Illuminate\\Support\\Facades\\Facade::__callStatic('transaction', Array)
#43 /home/haru/Desktop/projects/prs/vendor/laravel/framework/src/Illuminate/Container/BoundMethod.php(36): Database\\Seeders\\ProcurementWorkflowSeeder->run()
#44 /home/haru/Desktop/projects/prs/vendor/laravel/framework/src/Illuminate/Container/Util.php(43): Illuminate\\Container\\BoundMethod::{closure:Illuminate\\Container\\BoundMethod::call():35}()
#45 /home/haru/Desktop/projects/prs/vendor/laravel/framework/src/Illuminate/Container/BoundMethod.php(96): Illuminate\\Container\\Util::unwrapIfClosure(Object(Closure))
#46 /home/haru/Desktop/projects/prs/vendor/laravel/framework/src/Illuminate/Container/BoundMethod.php(35): Illuminate\\Container\\BoundMethod::callBoundMethod(Object(Illuminate\\Foundation\\Application), Array, Object(Closure))
#47 /home/haru/Desktop/projects/prs/vendor/laravel/framework/src/Illuminate/Container/Container.php(799): Illuminate\\Container\\BoundMethod::call(Object(Illuminate\\Foundation\\Application), Array, Array, NULL)
#48 /home/haru/Desktop/projects/prs/vendor/laravel/framework/src/Illuminate/Database/Seeder.php(184): Illuminate\\Container\\Container->call(Array, Array)
#49 /home/haru/Desktop/projects/prs/vendor/laravel/framework/src/Illuminate/Database/Seeder.php(193): Illuminate\\Database\\Seeder->{closure:Illuminate\\Database\\Seeder::__invoke():183}()
#50 /home/haru/Desktop/projects/prs/vendor/laravel/framework/src/Illuminate/Database/Seeder.php(59): Illuminate\\Database\\Seeder->__invoke(Array)
#51 /home/haru/Desktop/projects/prs/database/seeders/DatabaseSeeder.php(14): Illuminate\\Database\\Seeder->call('Database\\\\Seeder...')
#52 /home/haru/Desktop/projects/prs/vendor/laravel/framework/src/Illuminate/Container/BoundMethod.php(36): Database\\Seeders\\DatabaseSeeder->run()
#53 /home/haru/Desktop/projects/prs/vendor/laravel/framework/src/Illuminate/Container/Util.php(43): Illuminate\\Container\\BoundMethod::{closure:Illuminate\\Container\\BoundMethod::call():35}()
#54 /home/haru/Desktop/projects/prs/vendor/laravel/framework/src/Illuminate/Container/BoundMethod.php(96): Illuminate\\Container\\Util::unwrapIfClosure(Object(Closure))
#55 /home/haru/Desktop/projects/prs/vendor/laravel/framework/src/Illuminate/Container/BoundMethod.php(35): Illuminate\\Container\\BoundMethod::callBoundMethod(Object(Illuminate\\Foundation\\Application), Array, Object(Closure))
#56 /home/haru/Desktop/projects/prs/vendor/laravel/framework/src/Illuminate/Container/Container.php(799): Illuminate\\Container\\BoundMethod::call(Object(Illuminate\\Foundation\\Application), Array, Array, NULL)
#57 /home/haru/Desktop/projects/prs/vendor/laravel/framework/src/Illuminate/Database/Seeder.php(184): Illuminate\\Container\\Container->call(Array, Array)
#58 /home/haru/Desktop/projects/prs/vendor/laravel/framework/src/Illuminate/Database/Seeder.php(193): Illuminate\\Database\\Seeder->{closure:Illuminate\\Database\\Seeder::__invoke():183}()
#59 /home/haru/Desktop/projects/prs/vendor/laravel/framework/src/Illuminate/Database/Console/Seeds/SeedCommand.php(71): Illuminate\\Database\\Seeder->__invoke()
#60 /home/haru/Desktop/projects/prs/vendor/laravel/framework/src/Illuminate/Database/Eloquent/Concerns/GuardsAttributes.php(183): Illuminate\\Database\\Console\\Seeds\\SeedCommand->{closure:Illuminate\\Database\\Console\\Seeds\\SeedCommand::handle():70}()
#61 /home/haru/Desktop/projects/prs/vendor/laravel/framework/src/Illuminate/Database/Console/Seeds/SeedCommand.php(70): Illuminate\\Database\\Eloquent\\Model::unguarded(Object(Closure))
#62 /home/haru/Desktop/projects/prs/vendor/laravel/framework/src/Illuminate/Container/BoundMethod.php(36): Illuminate\\Database\\Console\\Seeds\\SeedCommand->handle()
#63 /home/haru/Desktop/projects/prs/vendor/laravel/framework/src/Illuminate/Container/Util.php(43): Illuminate\\Container\\BoundMethod::{closure:Illuminate\\Container\\BoundMethod::call():35}()
#64 /home/haru/Desktop/projects/prs/vendor/laravel/framework/src/Illuminate/Container/BoundMethod.php(96): Illuminate\\Container\\Util::unwrapIfClosure(Object(Closure))
#65 /home/haru/Desktop/projects/prs/vendor/laravel/framework/src/Illuminate/Container/BoundMethod.php(35): Illuminate\\Container\\BoundMethod::callBoundMethod(Object(Illuminate\\Foundation\\Application), Array, Object(Closure))
#66 /home/haru/Desktop/projects/prs/vendor/laravel/framework/src/Illuminate/Container/Container.php(799): Illuminate\\Container\\BoundMethod::call(Object(Illuminate\\Foundation\\Application), Array, Array, NULL)
#67 /home/haru/Desktop/projects/prs/vendor/laravel/framework/src/Illuminate/Console/Command.php(273): Illuminate\\Container\\Container->call(Array)
#68 /home/haru/Desktop/projects/prs/vendor/symfony/console/Command/Command.php(291): Illuminate\\Console\\Command->execute(Object(Symfony\\Component\\Console\\Input\\ArrayInput), Object(Illuminate\\Console\\OutputStyle))
#69 /home/haru/Desktop/projects/prs/vendor/laravel/framework/src/Illuminate/Console/Command.php(242): Symfony\\Component\\Console\\Command\\Command->run(Object(Symfony\\Component\\Console\\Input\\ArrayInput), Object(Illuminate\\Console\\OutputStyle))
#70 /home/haru/Desktop/projects/prs/vendor/laravel/framework/src/Illuminate/Console/Concerns/CallsCommands.php(68): Illuminate\\Console\\Command->run(Object(Symfony\\Component\\Console\\Input\\ArrayInput), Object(Illuminate\\Console\\OutputStyle))
#71 /home/haru/Desktop/projects/prs/vendor/laravel/framework/src/Illuminate/Console/Concerns/CallsCommands.php(29): Illuminate\\Console\\Command->runCommand('db:seed', Array, Object(Illuminate\\Console\\OutputStyle))
#72 /home/haru/Desktop/projects/prs/vendor/laravel/framework/src/Illuminate/Database/Console/Migrations/MigrateCommand.php(127): Illuminate\\Console\\Command->call('db:seed', Array)
#73 /home/haru/Desktop/projects/prs/vendor/laravel/framework/src/Illuminate/Database/Migrations/Migrator.php(671): Illuminate\\Database\\Console\\Migrations\\MigrateCommand->{closure:Illuminate\\Database\\Console\\Migrations\\MigrateCommand::runMigrations():111}()
#74 /home/haru/Desktop/projects/prs/vendor/laravel/framework/src/Illuminate/Database/Console/Migrations/MigrateCommand.php(111): Illuminate\\Database\\Migrations\\Migrator->usingConnection(NULL, Object(Closure))
#75 /home/haru/Desktop/projects/prs/vendor/laravel/framework/src/Illuminate/Database/Console/Migrations/MigrateCommand.php(90): Illuminate\\Database\\Console\\Migrations\\MigrateCommand->runMigrations()
#76 /home/haru/Desktop/projects/prs/vendor/laravel/framework/src/Illuminate/Container/BoundMethod.php(36): Illuminate\\Database\\Console\\Migrations\\MigrateCommand->handle()
#77 /home/haru/Desktop/projects/prs/vendor/laravel/framework/src/Illuminate/Container/Util.php(43): Illuminate\\Container\\BoundMethod::{closure:Illuminate\\Container\\BoundMethod::call():35}()
#78 /home/haru/Desktop/projects/prs/vendor/laravel/framework/src/Illuminate/Container/BoundMethod.php(96): Illuminate\\Container\\Util::unwrapIfClosure(Object(Closure))
#79 /home/haru/Desktop/projects/prs/vendor/laravel/framework/src/Illuminate/Container/BoundMethod.php(35): Illuminate\\Container\\BoundMethod::callBoundMethod(Object(Illuminate\\Foundation\\Application), Array, Object(Closure))
#80 /home/haru/Desktop/projects/prs/vendor/laravel/framework/src/Illuminate/Container/Container.php(799): Illuminate\\Container\\BoundMethod::call(Object(Illuminate\\Foundation\\Application), Array, Array, NULL)
#81 /home/haru/Desktop/projects/prs/vendor/laravel/framework/src/Illuminate/Console/Command.php(273): Illuminate\\Container\\Container->call(Array)
#82 /home/haru/Desktop/projects/prs/vendor/symfony/console/Command/Command.php(291): Illuminate\\Console\\Command->execute(Object(Symfony\\Component\\Console\\Input\\ArgvInput), Object(Illuminate\\Console\\OutputStyle))
#83 /home/haru/Desktop/projects/prs/vendor/laravel/framework/src/Illuminate/Console/Command.php(242): Symfony\\Component\\Console\\Command\\Command->run(Object(Symfony\\Component\\Console\\Input\\ArgvInput), Object(Illuminate\\Console\\OutputStyle))
#84 /home/haru/Desktop/projects/prs/vendor/symfony/console/Application.php(1107): Illuminate\\Console\\Command->run(Object(Symfony\\Component\\Console\\Input\\ArgvInput), Object(Symfony\\Component\\Console\\Output\\ConsoleOutput))
#85 /home/haru/Desktop/projects/prs/vendor/symfony/console/Application.php(356): Symfony\\Component\\Console\\Application->doRunCommand(Object(Illuminate\\Database\\Console\\Migrations\\MigrateCommand), Object(Symfony\\Component\\Console\\Input\\ArgvInput), Object(Symfony\\Component\\Console\\Output\\ConsoleOutput))
#86 /home/haru/Desktop/projects/prs/vendor/symfony/console/Application.php(195): Symfony\\Component\\Console\\Application->doRun(Object(Symfony\\Component\\Console\\Input\\ArgvInput), Object(Symfony\\Component\\Console\\Output\\ConsoleOutput))
#87 /home/haru/Desktop/projects/prs/vendor/laravel/framework/src/Illuminate/Foundation/Console/Kernel.php(198): Symfony\\Component\\Console\\Application->run(Object(Symfony\\Component\\Console\\Input\\ArgvInput), Object(Symfony\\Component\\Console\\Output\\ConsoleOutput))
#88 /home/haru/Desktop/projects/prs/vendor/laravel/framework/src/Illuminate/Foundation/Application.php(1235): Illuminate\\Foundation\\Console\\Kernel->handle(Object(Symfony\\Component\\Console\\Input\\ArgvInput), Object(Symfony\\Component\\Console\\Output\\ConsoleOutput))
#89 /home/haru/Desktop/projects/prs/artisan(16): Illuminate\\Foundation\\Application->handleCommand(Object(Symfony\\Component\\Console\\Input\\ArgvInput))
#90 {main}
"} 
[2026-07-13 04:43:09] local.ERROR: cURL error 6: Could not resolve host: carbone (see https://curl.haxx.se/libcurl/c/libcurl-errors.html) for http://carbone:4000/render/template?download=true {"exception":"[object] (Illuminate\\Http\\Client\\ConnectionException(code: 0): cURL error 6: Could not resolve host: carbone (see https://curl.haxx.se/libcurl/c/libcurl-errors.html) for http://carbone:4000/render/template?download=true at /home/haru/Desktop/projects/prs/vendor/laravel/framework/src/Illuminate/Http/Client/PendingRequest.php:1805)
[stacktrace]
#0 /home/haru/Desktop/projects/prs/vendor/laravel/framework/src/Illuminate/Http/Client/PendingRequest.php(1081): Illuminate\\Http\\Client\\PendingRequest->marshalConnectionException(Object(GuzzleHttp\\Exception\\ConnectException))
#1 /home/haru/Desktop/projects/prs/vendor/laravel/framework/src/Illuminate/Support/helpers.php(328): Illuminate\\Http\\Client\\PendingRequest->{closure:Illuminate\\Http\\Client\\PendingRequest::send():1041}(1)
#2 /home/haru/Desktop/projects/prs/vendor/laravel/framework/src/Illuminate/Http/Client/PendingRequest.php(1041): retry(0, Object(Closure), 100, Object(Closure))
#3 /home/haru/Desktop/projects/prs/vendor/laravel/framework/src/Illuminate/Http/Client/PendingRequest.php(885): Illuminate\\Http\\Client\\PendingRequest->send('POST', 'http://carbone:...', Array)
#4 /home/haru/Desktop/projects/prs/app/Services/CarboneClient.php(19): Illuminate\\Http\\Client\\PendingRequest->post('/render/templat...', Array)
#5 /home/haru/Desktop/projects/prs/app/Services/DocxTemplateProcessor.php(51): App\\Services\\CarboneClient->render('PK\\x03\\x04\\x14\\x00\\x00\\x00\\x08\\x00\\xB1d\\xE6\\\\\\xEE...', Array)
#6 /home/haru/Desktop/projects/prs/app/Pdf/BuildReceivingReportPdf.php(46): App\\Services\\DocxTemplateProcessor->renderReceivingReport(Object(App\\Models\\Document), Object(App\\Models\\ReceivingReport))
#7 /home/haru/Desktop/projects/prs/app/Listeners/SnapshotReceivingReportFinalDocument.php(32): App\\Pdf\\BuildReceivingReportPdf->build(Object(App\\Models\\ReceivingReport))
#8 /home/haru/Desktop/projects/prs/vendor/laravel/framework/src/Illuminate/Events/Dispatcher.php(518): App\\Listeners\\SnapshotReceivingReportFinalDocument->handle(Object(App\\Events\\Workflow\\WorkflowCompleted))
#9 /home/haru/Desktop/projects/prs/vendor/laravel/framework/src/Illuminate/Events/Dispatcher.php(328): Illuminate\\Events\\Dispatcher->{closure:Illuminate\\Events\\Dispatcher::createClassListener():511}('App\\\\Events\\\\Work...', Array)
#10 /home/haru/Desktop/projects/prs/vendor/laravel/framework/src/Illuminate/Events/Dispatcher.php(308): Illuminate\\Events\\Dispatcher->invokeListeners('App\\\\Events\\\\Work...', Array, false)
#11 /home/haru/Desktop/projects/prs/vendor/laravel/framework/src/Illuminate/Foundation/helpers.php(505): Illuminate\\Events\\Dispatcher->dispatch(Object(App\\Events\\Workflow\\WorkflowCompleted))
#12 /home/haru/Desktop/projects/prs/vendor/laravel/framework/src/Illuminate/Foundation/Events/Dispatchable.php(15): event(Object(App\\Events\\Workflow\\WorkflowCompleted))
#13 /home/haru/Desktop/projects/prs/app/Services/Workflow/WorkflowEngine.php(428): App\\Events\\Workflow\\WorkflowCompleted::dispatch(Object(App\\Models\\WorkflowInstance))
#14 /home/haru/Desktop/projects/prs/app/Services/Workflow/WorkflowEngine.php(486): App\\Services\\Workflow\\WorkflowEngine->{closure:App\\Services\\Workflow\\WorkflowEngine::advance():428}()
#15 /home/haru/Desktop/projects/prs/app/Services/Workflow/WorkflowEngine.php(249): App\\Services\\Workflow\\WorkflowEngine->runAfterCommit(Array)
#16 /home/haru/Desktop/projects/prs/app/Services/Workflow/WorkflowManager.php(73): App\\Services\\Workflow\\WorkflowEngine->act(Object(App\\Models\\WorkflowInstance), Object(App\\Models\\ReceivingReport), Object(App\\Models\\User), App\\Enums\\WorkflowActionType::Approve, 'Processed by se...')
#17 /home/haru/Desktop/projects/prs/database/seeders/ProcurementWorkflowSeeder.php(315): App\\Services\\Workflow\\WorkflowManager->act(Object(App\\Models\\ReceivingReport), Object(App\\Models\\User), App\\Enums\\WorkflowActionType::Approve, 'Processed by se...')
#18 /home/haru/Desktop/projects/prs/database/seeders/ProcurementWorkflowSeeder.php(335): Database\\Seeders\\ProcurementWorkflowSeeder->completeActiveStep(Object(App\\Models\\ReceivingReport))
#19 /home/haru/Desktop/projects/prs/database/seeders/ProcurementWorkflowSeeder.php(281): Database\\Seeders\\ProcurementWorkflowSeeder->fullyComplete(Object(App\\Models\\ReceivingReport))
#20 /home/haru/Desktop/projects/prs/database/seeders/ProcurementWorkflowSeeder.php(568): Database\\Seeders\\ProcurementWorkflowSeeder->fullyVerifyRR(Object(App\\Models\\ReceivingReport))
#21 /home/haru/Desktop/projects/prs/database/seeders/ProcurementWorkflowSeeder.php(138): Database\\Seeders\\ProcurementWorkflowSeeder->seedScenario8_SplitPO_MixedReceiving()
#22 /home/haru/Desktop/projects/prs/vendor/laravel/framework/src/Illuminate/Database/Concerns/ManagesTransactions.php(35): Database\\Seeders\\ProcurementWorkflowSeeder->{closure:Database\\Seeders\\ProcurementWorkflowSeeder::run():130}(Object(Illuminate\\Database\\SQLiteConnection))
#23 /home/haru/Desktop/projects/prs/vendor/laravel/framework/src/Illuminate/Database/DatabaseManager.php(493): Illuminate\\Database\\Connection->transaction(Object(Closure))
#24 /home/haru/Desktop/projects/prs/vendor/laravel/framework/src/Illuminate/Support/Facades/Facade.php(363): Illuminate\\Database\\DatabaseManager->__call('transaction', Array)
#25 /home/haru/Desktop/projects/prs/database/seeders/ProcurementWorkflowSeeder.php(130): Illuminate\\Support\\Facades\\Facade::__callStatic('transaction', Array)
#26 /home/haru/Desktop/projects/prs/vendor/laravel/framework/src/Illuminate/Container/BoundMethod.php(36): Database\\Seeders\\ProcurementWorkflowSeeder->run()
#27 /home/haru/Desktop/projects/prs/vendor/laravel/framework/src/Illuminate/Container/Util.php(43): Illuminate\\Container\\BoundMethod::{closure:Illuminate\\Container\\BoundMethod::call():35}()
#28 /home/haru/Desktop/projects/prs/vendor/laravel/framework/src/Illuminate/Container/BoundMethod.php(96): Illuminate\\Container\\Util::unwrapIfClosure(Object(Closure))
#29 /home/haru/Desktop/projects/prs/vendor/laravel/framework/src/Illuminate/Container/BoundMethod.php(35): Illuminate\\Container\\BoundMethod::callBoundMethod(Object(Illuminate\\Foundation\\Application), Array, Object(Closure))
#30 /home/haru/Desktop/projects/prs/vendor/laravel/framework/src/Illuminate/Container/Container.php(799): Illuminate\\Container\\BoundMethod::call(Object(Illuminate\\Foundation\\Application), Array, Array, NULL)
#31 /home/haru/Desktop/projects/prs/vendor/laravel/framework/src/Illuminate/Database/Seeder.php(184): Illuminate\\Container\\Container->call(Array, Array)
#32 /home/haru/Desktop/projects/prs/vendor/laravel/framework/src/Illuminate/Database/Seeder.php(193): Illuminate\\Database\\Seeder->{closure:Illuminate\\Database\\Seeder::__invoke():183}()
#33 /home/haru/Desktop/projects/prs/vendor/laravel/framework/src/Illuminate/Database/Seeder.php(59): Illuminate\\Database\\Seeder->__invoke(Array)
#34 /home/haru/Desktop/projects/prs/database/seeders/DatabaseSeeder.php(14): Illuminate\\Database\\Seeder->call('Database\\\\Seeder...')
#35 /home/haru/Desktop/projects/prs/vendor/laravel/framework/src/Illuminate/Container/BoundMethod.php(36): Database\\Seeders\\DatabaseSeeder->run()
#36 /home/haru/Desktop/projects/prs/vendor/laravel/framework/src/Illuminate/Container/Util.php(43): Illuminate\\Container\\BoundMethod::{closure:Illuminate\\Container\\BoundMethod::call():35}()
#37 /home/haru/Desktop/projects/prs/vendor/laravel/framework/src/Illuminate/Container/BoundMethod.php(96): Illuminate\\Container\\Util::unwrapIfClosure(Object(Closure))
#38 /home/haru/Desktop/projects/prs/vendor/laravel/framework/src/Illuminate/Container/BoundMethod.php(35): Illuminate\\Container\\BoundMethod::callBoundMethod(Object(Illuminate\\Foundation\\Application), Array, Object(Closure))
#39 /home/haru/Desktop/projects/prs/vendor/laravel/framework/src/Illuminate/Container/Container.php(799): Illuminate\\Container\\BoundMethod::call(Object(Illuminate\\Foundation\\Application), Array, Array, NULL)
#40 /home/haru/Desktop/projects/prs/vendor/laravel/framework/src/Illuminate/Database/Seeder.php(184): Illuminate\\Container\\Container->call(Array, Array)
#41 /home/haru/Desktop/projects/prs/vendor/laravel/framework/src/Illuminate/Database/Seeder.php(193): Illuminate\\Database\\Seeder->{closure:Illuminate\\Database\\Seeder::__invoke():183}()
#42 /home/haru/Desktop/projects/prs/vendor/laravel/framework/src/Illuminate/Database/Console/Seeds/SeedCommand.php(71): Illuminate\\Database\\Seeder->__invoke()
#43 /home/haru/Desktop/projects/prs/vendor/laravel/framework/src/Illuminate/Database/Eloquent/Concerns/GuardsAttributes.php(183): Illuminate\\Database\\Console\\Seeds\\SeedCommand->{closure:Illuminate\\Database\\Console\\Seeds\\SeedCommand::handle():70}()
#44 /home/haru/Desktop/projects/prs/vendor/laravel/framework/src/Illuminate/Database/Console/Seeds/SeedCommand.php(70): Illuminate\\Database\\Eloquent\\Model::unguarded(Object(Closure))
#45 /home/haru/Desktop/projects/prs/vendor/laravel/framework/src/Illuminate/Container/BoundMethod.php(36): Illuminate\\Database\\Console\\Seeds\\SeedCommand->handle()
#46 /home/haru/Desktop/projects/prs/vendor/laravel/framework/src/Illuminate/Container/Util.php(43): Illuminate\\Container\\BoundMethod::{closure:Illuminate\\Container\\BoundMethod::call():35}()
#47 /home/haru/Desktop/projects/prs/vendor/laravel/framework/src/Illuminate/Container/BoundMethod.php(96): Illuminate\\Container\\Util::unwrapIfClosure(Object(Closure))
#48 /home/haru/Desktop/projects/prs/vendor/laravel/framework/src/Illuminate/Container/BoundMethod.php(35): Illuminate\\Container\\BoundMethod::callBoundMethod(Object(Illuminate\\Foundation\\Application), Array, Object(Closure))
#49 /home/haru/Desktop/projects/prs/vendor/laravel/framework/src/Illuminate/Container/Container.php(799): Illuminate\\Container\\BoundMethod::call(Object(Illuminate\\Foundation\\Application), Array, Array, NULL)
#50 /home/haru/Desktop/projects/prs/vendor/laravel/framework/src/Illuminate/Console/Command.php(273): Illuminate\\Container\\Container->call(Array)
#51 /home/haru/Desktop/projects/prs/vendor/symfony/console/Command/Command.php(291): Illuminate\\Console\\Command->execute(Object(Symfony\\Component\\Console\\Input\\ArrayInput), Object(Illuminate\\Console\\OutputStyle))
#52 /home/haru/Desktop/projects/prs/vendor/laravel/framework/src/Illuminate/Console/Command.php(242): Symfony\\Component\\Console\\Command\\Command->run(Object(Symfony\\Component\\Console\\Input\\ArrayInput), Object(Illuminate\\Console\\OutputStyle))
#53 /home/haru/Desktop/projects/prs/vendor/laravel/framework/src/Illuminate/Console/Concerns/CallsCommands.php(68): Illuminate\\Console\\Command->run(Object(Symfony\\Component\\Console\\Input\\ArrayInput), Object(Illuminate\\Console\\OutputStyle))
#54 /home/haru/Desktop/projects/prs/vendor/laravel/framework/src/Illuminate/Console/Concerns/CallsCommands.php(29): Illuminate\\Console\\Command->runCommand('db:seed', Array, Object(Illuminate\\Console\\OutputStyle))
#55 /home/haru/Desktop/projects/prs/vendor/laravel/framework/src/Illuminate/Database/Console/Migrations/MigrateCommand.php(127): Illuminate\\Console\\Command->call('db:seed', Array)
#56 /home/haru/Desktop/projects/prs/vendor/laravel/framework/src/Illuminate/Database/Migrations/Migrator.php(671): Illuminate\\Database\\Console\\Migrations\\MigrateCommand->{closure:Illuminate\\Database\\Console\\Migrations\\MigrateCommand::runMigrations():111}()
#57 /home/haru/Desktop/projects/prs/vendor/laravel/framework/src/Illuminate/Database/Console/Migrations/MigrateCommand.php(111): Illuminate\\Database\\Migrations\\Migrator->usingConnection(NULL, Object(Closure))
#58 /home/haru/Desktop/projects/prs/vendor/laravel/framework/src/Illuminate/Database/Console/Migrations/MigrateCommand.php(90): Illuminate\\Database\\Console\\Migrations\\MigrateCommand->runMigrations()
#59 /home/haru/Desktop/projects/prs/vendor/laravel/framework/src/Illuminate/Container/BoundMethod.php(36): Illuminate\\Database\\Console\\Migrations\\MigrateCommand->handle()
#60 /home/haru/Desktop/projects/prs/vendor/laravel/framework/src/Illuminate/Container/Util.php(43): Illuminate\\Container\\BoundMethod::{closure:Illuminate\\Container\\BoundMethod::call():35}()
#61 /home/haru/Desktop/projects/prs/vendor/laravel/framework/src/Illuminate/Container/BoundMethod.php(96): Illuminate\\Container\\Util::unwrapIfClosure(Object(Closure))
#62 /home/haru/Desktop/projects/prs/vendor/laravel/framework/src/Illuminate/Container/BoundMethod.php(35): Illuminate\\Container\\BoundMethod::callBoundMethod(Object(Illuminate\\Foundation\\Application), Array, Object(Closure))
#63 /home/haru/Desktop/projects/prs/vendor/laravel/framework/src/Illuminate/Container/Container.php(799): Illuminate\\Container\\BoundMethod::call(Object(Illuminate\\Foundation\\Application), Array, Array, NULL)
#64 /home/haru/Desktop/projects/prs/vendor/laravel/framework/src/Illuminate/Console/Command.php(273): Illuminate\\Container\\Container->call(Array)
#65 /home/haru/Desktop/projects/prs/vendor/symfony/console/Command/Command.php(291): Illuminate\\Console\\Command->execute(Object(Symfony\\Component\\Console\\Input\\ArgvInput), Object(Illuminate\\Console\\OutputStyle))
#66 /home/haru/Desktop/projects/prs/vendor/laravel/framework/src/Illuminate/Console/Command.php(242): Symfony\\Component\\Console\\Command\\Command->run(Object(Symfony\\Component\\Console\\Input\\ArgvInput), Object(Illuminate\\Console\\OutputStyle))
#67 /home/haru/Desktop/projects/prs/vendor/symfony/console/Application.php(1107): Illuminate\\Console\\Command->run(Object(Symfony\\Component\\Console\\Input\\ArgvInput), Object(Symfony\\Component\\Console\\Output\\ConsoleOutput))
#68 /home/haru/Desktop/projects/prs/vendor/symfony/console/Application.php(356): Symfony\\Component\\Console\\Application->doRunCommand(Object(Illuminate\\Database\\Console\\Migrations\\MigrateCommand), Object(Symfony\\Component\\Console\\Input\\ArgvInput), Object(Symfony\\Component\\Console\\Output\\ConsoleOutput))
#69 /home/haru/Desktop/projects/prs/vendor/symfony/console/Application.php(195): Symfony\\Component\\Console\\Application->doRun(Object(Symfony\\Component\\Console\\Input\\ArgvInput), Object(Symfony\\Component\\Console\\Output\\ConsoleOutput))
#70 /home/haru/Desktop/projects/prs/vendor/laravel/framework/src/Illuminate/Foundation/Console/Kernel.php(198): Symfony\\Component\\Console\\Application->run(Object(Symfony\\Component\\Console\\Input\\ArgvInput), Object(Symfony\\Component\\Console\\Output\\ConsoleOutput))
#71 /home/haru/Desktop/projects/prs/vendor/laravel/framework/src/Illuminate/Foundation/Application.php(1235): Illuminate\\Foundation\\Console\\Kernel->handle(Object(Symfony\\Component\\Console\\Input\\ArgvInput), Object(Symfony\\Component\\Console\\Output\\ConsoleOutput))
#72 /home/haru/Desktop/projects/prs/artisan(16): Illuminate\\Foundation\\Application->handleCommand(Object(Symfony\\Component\\Console\\Input\\ArgvInput))
#73 {main}

[previous exception] [object] (GuzzleHttp\\Exception\\ConnectException(code: 0): cURL error 6: Could not resolve host: carbone (see https://curl.haxx.se/libcurl/c/libcurl-errors.html) for http://carbone:4000/render/template?download=true at /home/haru/Desktop/projects/prs/vendor/guzzlehttp/guzzle/src/Handler/CurlFactory.php:277)
[stacktrace]
#0 /home/haru/Desktop/projects/prs/vendor/guzzlehttp/guzzle/src/Handler/CurlFactory.php(207): GuzzleHttp\\Handler\\CurlFactory::createRejection(Object(GuzzleHttp\\Handler\\EasyHandle), Array)
#1 /home/haru/Desktop/projects/prs/vendor/guzzlehttp/guzzle/src/Handler/CurlFactory.php(159): GuzzleHttp\\Handler\\CurlFactory::finishError(Object(GuzzleHttp\\Handler\\CurlHandler), Object(GuzzleHttp\\Handler\\EasyHandle), Object(GuzzleHttp\\Handler\\CurlFactory))
#2 /home/haru/Desktop/projects/prs/vendor/guzzlehttp/guzzle/src/Handler/CurlHandler.php(47): GuzzleHttp\\Handler\\CurlFactory::finish(Object(GuzzleHttp\\Handler\\CurlHandler), Object(GuzzleHttp\\Handler\\EasyHandle), Object(GuzzleHttp\\Handler\\CurlFactory))
#3 /home/haru/Desktop/projects/prs/vendor/guzzlehttp/guzzle/src/Handler/Proxy.php(28): GuzzleHttp\\Handler\\CurlHandler->__invoke(Object(GuzzleHttp\\Psr7\\Request), Array)
#4 /home/haru/Desktop/projects/prs/vendor/guzzlehttp/guzzle/src/Handler/Proxy.php(48): GuzzleHttp\\Handler\\Proxy::{closure:GuzzleHttp\\Handler\\Proxy::wrapSync():27}(Object(GuzzleHttp\\Psr7\\Request), Array)
#5 /home/haru/Desktop/projects/prs/vendor/laravel/framework/src/Illuminate/Http/Client/PendingRequest.php(1523): GuzzleHttp\\Handler\\Proxy::{closure:GuzzleHttp\\Handler\\Proxy::wrapStreaming():47}(Object(GuzzleHttp\\Psr7\\Request), Array)
#6 /home/haru/Desktop/projects/prs/vendor/laravel/framework/src/Illuminate/Http/Client/PendingRequest.php(1480): Illuminate\\Http\\Client\\PendingRequest->{closure:{closure:Illuminate\\Http\\Client\\PendingRequest::buildStubHandler():1505}:1506}(Object(GuzzleHttp\\Psr7\\Request), Array)
#7 /home/haru/Desktop/projects/prs/vendor/laravel/framework/src/Illuminate/Http/Client/PendingRequest.php(1466): Illuminate\\Http\\Client\\PendingRequest->{closure:{closure:Illuminate\\Http\\Client\\PendingRequest::buildRecorderHandler():1478}:1479}(Object(GuzzleHttp\\Psr7\\Request), Array)
#8 /home/haru/Desktop/projects/prs/vendor/guzzlehttp/guzzle/src/PrepareBodyMiddleware.php(64): Illuminate\\Http\\Client\\PendingRequest->{closure:{closure:Illuminate\\Http\\Client\\PendingRequest::buildBeforeSendingHandler():1464}:1465}(Object(GuzzleHttp\\Psr7\\Request), Array)
#9 /home/haru/Desktop/projects/prs/vendor/guzzlehttp/guzzle/src/Middleware.php(38): GuzzleHttp\\PrepareBodyMiddleware->__invoke(Object(GuzzleHttp\\Psr7\\Request), Array)
#10 /home/haru/Desktop/projects/prs/vendor/guzzlehttp/guzzle/src/RedirectMiddleware.php(71): GuzzleHttp\\Middleware::{closure:{closure:GuzzleHttp\\Middleware::cookies():28}:29}(Object(GuzzleHttp\\Psr7\\Request), Array)
#11 /home/haru/Desktop/projects/prs/vendor/guzzlehttp/guzzle/src/Middleware.php(63): GuzzleHttp\\RedirectMiddleware->__invoke(Object(GuzzleHttp\\Psr7\\Request), Array)
#12 /home/haru/Desktop/projects/prs/vendor/guzzlehttp/guzzle/src/HandlerStack.php(75): GuzzleHttp\\Middleware::{closure:{closure:GuzzleHttp\\Middleware::httpErrors():60}:61}(Object(GuzzleHttp\\Psr7\\Request), Array)
#13 /home/haru/Desktop/projects/prs/vendor/guzzlehttp/guzzle/src/Client.php(333): GuzzleHttp\\HandlerStack->__invoke(Object(GuzzleHttp\\Psr7\\Request), Array)
#14 /home/haru/Desktop/projects/prs/vendor/guzzlehttp/guzzle/src/Client.php(169): GuzzleHttp\\Client->transfer(Object(GuzzleHttp\\Psr7\\Request), Array)
#15 /home/haru/Desktop/projects/prs/vendor/guzzlehttp/guzzle/src/Client.php(189): GuzzleHttp\\Client->requestAsync('POST', Object(GuzzleHttp\\Psr7\\Uri), Array)
#16 /home/haru/Desktop/projects/prs/vendor/laravel/framework/src/Illuminate/Http/Client/PendingRequest.php(1306): GuzzleHttp\\Client->request('POST', 'http://carbone:...', Array)
#17 /home/haru/Desktop/projects/prs/vendor/laravel/framework/src/Illuminate/Http/Client/PendingRequest.php(1043): Illuminate\\Http\\Client\\PendingRequest->sendRequest('POST', 'http://carbone:...', Array)
#18 /home/haru/Desktop/projects/prs/vendor/laravel/framework/src/Illuminate/Support/helpers.php(328): Illuminate\\Http\\Client\\PendingRequest->{closure:Illuminate\\Http\\Client\\PendingRequest::send():1041}(1)
#19 /home/haru/Desktop/projects/prs/vendor/laravel/framework/src/Illuminate/Http/Client/PendingRequest.php(1041): retry(0, Object(Closure), 100, Object(Closure))
#20 /home/haru/Desktop/projects/prs/vendor/laravel/framework/src/Illuminate/Http/Client/PendingRequest.php(885): Illuminate\\Http\\Client\\PendingRequest->send('POST', 'http://carbone:...', Array)
#21 /home/haru/Desktop/projects/prs/app/Services/CarboneClient.php(19): Illuminate\\Http\\Client\\PendingRequest->post('/render/templat...', Array)
#22 /home/haru/Desktop/projects/prs/app/Services/DocxTemplateProcessor.php(51): App\\Services\\CarboneClient->render('PK\\x03\\x04\\x14\\x00\\x00\\x00\\x08\\x00\\xB1d\\xE6\\\\\\xEE...', Array)
#23 /home/haru/Desktop/projects/prs/app/Pdf/BuildReceivingReportPdf.php(46): App\\Services\\DocxTemplateProcessor->renderReceivingReport(Object(App\\Models\\Document), Object(App\\Models\\ReceivingReport))
#24 /home/haru/Desktop/projects/prs/app/Listeners/SnapshotReceivingReportFinalDocument.php(32): App\\Pdf\\BuildReceivingReportPdf->build(Object(App\\Models\\ReceivingReport))
#25 /home/haru/Desktop/projects/prs/vendor/laravel/framework/src/Illuminate/Events/Dispatcher.php(518): App\\Listeners\\SnapshotReceivingReportFinalDocument->handle(Object(App\\Events\\Workflow\\WorkflowCompleted))
#26 /home/haru/Desktop/projects/prs/vendor/laravel/framework/src/Illuminate/Events/Dispatcher.php(328): Illuminate\\Events\\Dispatcher->{closure:Illuminate\\Events\\Dispatcher::createClassListener():511}('App\\\\Events\\\\Work...', Array)
#27 /home/haru/Desktop/projects/prs/vendor/laravel/framework/src/Illuminate/Events/Dispatcher.php(308): Illuminate\\Events\\Dispatcher->invokeListeners('App\\\\Events\\\\Work...', Array, false)
#28 /home/haru/Desktop/projects/prs/vendor/laravel/framework/src/Illuminate/Foundation/helpers.php(505): Illuminate\\Events\\Dispatcher->dispatch(Object(App\\Events\\Workflow\\WorkflowCompleted))
#29 /home/haru/Desktop/projects/prs/vendor/laravel/framework/src/Illuminate/Foundation/Events/Dispatchable.php(15): event(Object(App\\Events\\Workflow\\WorkflowCompleted))
#30 /home/haru/Desktop/projects/prs/app/Services/Workflow/WorkflowEngine.php(428): App\\Events\\Workflow\\WorkflowCompleted::dispatch(Object(App\\Models\\WorkflowInstance))
#31 /home/haru/Desktop/projects/prs/app/Services/Workflow/WorkflowEngine.php(486): App\\Services\\Workflow\\WorkflowEngine->{closure:App\\Services\\Workflow\\WorkflowEngine::advance():428}()
#32 /home/haru/Desktop/projects/prs/app/Services/Workflow/WorkflowEngine.php(249): App\\Services\\Workflow\\WorkflowEngine->runAfterCommit(Array)
#33 /home/haru/Desktop/projects/prs/app/Services/Workflow/WorkflowManager.php(73): App\\Services\\Workflow\\WorkflowEngine->act(Object(App\\Models\\WorkflowInstance), Object(App\\Models\\ReceivingReport), Object(App\\Models\\User), App\\Enums\\WorkflowActionType::Approve, 'Processed by se...')
#34 /home/haru/Desktop/projects/prs/database/seeders/ProcurementWorkflowSeeder.php(315): App\\Services\\Workflow\\WorkflowManager->act(Object(App\\Models\\ReceivingReport), Object(App\\Models\\User), App\\Enums\\WorkflowActionType::Approve, 'Processed by se...')
#35 /home/haru/Desktop/projects/prs/database/seeders/ProcurementWorkflowSeeder.php(335): Database\\Seeders\\ProcurementWorkflowSeeder->completeActiveStep(Object(App\\Models\\ReceivingReport))
#36 /home/haru/Desktop/projects/prs/database/seeders/ProcurementWorkflowSeeder.php(281): Database\\Seeders\\ProcurementWorkflowSeeder->fullyComplete(Object(App\\Models\\ReceivingReport))
#37 /home/haru/Desktop/projects/prs/database/seeders/ProcurementWorkflowSeeder.php(568): Database\\Seeders\\ProcurementWorkflowSeeder->fullyVerifyRR(Object(App\\Models\\ReceivingReport))
#38 /home/haru/Desktop/projects/prs/database/seeders/ProcurementWorkflowSeeder.php(138): Database\\Seeders\\ProcurementWorkflowSeeder->seedScenario8_SplitPO_MixedReceiving()
#39 /home/haru/Desktop/projects/prs/vendor/laravel/framework/src/Illuminate/Database/Concerns/ManagesTransactions.php(35): Database\\Seeders\\ProcurementWorkflowSeeder->{closure:Database\\Seeders\\ProcurementWorkflowSeeder::run():130}(Object(Illuminate\\Database\\SQLiteConnection))
#40 /home/haru/Desktop/projects/prs/vendor/laravel/framework/src/Illuminate/Database/DatabaseManager.php(493): Illuminate\\Database\\Connection->transaction(Object(Closure))
#41 /home/haru/Desktop/projects/prs/vendor/laravel/framework/src/Illuminate/Support/Facades/Facade.php(363): Illuminate\\Database\\DatabaseManager->__call('transaction', Array)
#42 /home/haru/Desktop/projects/prs/database/seeders/ProcurementWorkflowSeeder.php(130): Illuminate\\Support\\Facades\\Facade::__callStatic('transaction', Array)
#43 /home/haru/Desktop/projects/prs/vendor/laravel/framework/src/Illuminate/Container/BoundMethod.php(36): Database\\Seeders\\ProcurementWorkflowSeeder->run()
#44 /home/haru/Desktop/projects/prs/vendor/laravel/framework/src/Illuminate/Container/Util.php(43): Illuminate\\Container\\BoundMethod::{closure:Illuminate\\Container\\BoundMethod::call():35}()
#45 /home/haru/Desktop/projects/prs/vendor/laravel/framework/src/Illuminate/Container/BoundMethod.php(96): Illuminate\\Container\\Util::unwrapIfClosure(Object(Closure))
#46 /home/haru/Desktop/projects/prs/vendor/laravel/framework/src/Illuminate/Container/BoundMethod.php(35): Illuminate\\Container\\BoundMethod::callBoundMethod(Object(Illuminate\\Foundation\\Application), Array, Object(Closure))
#47 /home/haru/Desktop/projects/prs/vendor/laravel/framework/src/Illuminate/Container/Container.php(799): Illuminate\\Container\\BoundMethod::call(Object(Illuminate\\Foundation\\Application), Array, Array, NULL)
#48 /home/haru/Desktop/projects/prs/vendor/laravel/framework/src/Illuminate/Database/Seeder.php(184): Illuminate\\Container\\Container->call(Array, Array)
#49 /home/haru/Desktop/projects/prs/vendor/laravel/framework/src/Illuminate/Database/Seeder.php(193): Illuminate\\Database\\Seeder->{closure:Illuminate\\Database\\Seeder::__invoke():183}()
#50 /home/haru/Desktop/projects/prs/vendor/laravel/framework/src/Illuminate/Database/Seeder.php(59): Illuminate\\Database\\Seeder->__invoke(Array)
#51 /home/haru/Desktop/projects/prs/database/seeders/DatabaseSeeder.php(14): Illuminate\\Database\\Seeder->call('Database\\\\Seeder...')
#52 /home/haru/Desktop/projects/prs/vendor/laravel/framework/src/Illuminate/Container/BoundMethod.php(36): Database\\Seeders\\DatabaseSeeder->run()
#53 /home/haru/Desktop/projects/prs/vendor/laravel/framework/src/Illuminate/Container/Util.php(43): Illuminate\\Container\\BoundMethod::{closure:Illuminate\\Container\\BoundMethod::call():35}()
#54 /home/haru/Desktop/projects/prs/vendor/laravel/framework/src/Illuminate/Container/BoundMethod.php(96): Illuminate\\Container\\Util::unwrapIfClosure(Object(Closure))
#55 /home/haru/Desktop/projects/prs/vendor/laravel/framework/src/Illuminate/Container/BoundMethod.php(35): Illuminate\\Container\\BoundMethod::callBoundMethod(Object(Illuminate\\Foundation\\Application), Array, Object(Closure))
#56 /home/haru/Desktop/projects/prs/vendor/laravel/framework/src/Illuminate/Container/Container.php(799): Illuminate\\Container\\BoundMethod::call(Object(Illuminate\\Foundation\\Application), Array, Array, NULL)
#57 /home/haru/Desktop/projects/prs/vendor/laravel/framework/src/Illuminate/Database/Seeder.php(184): Illuminate\\Container\\Container->call(Array, Array)
#58 /home/haru/Desktop/projects/prs/vendor/laravel/framework/src/Illuminate/Database/Seeder.php(193): Illuminate\\Database\\Seeder->{closure:Illuminate\\Database\\Seeder::__invoke():183}()
#59 /home/haru/Desktop/projects/prs/vendor/laravel/framework/src/Illuminate/Database/Console/Seeds/SeedCommand.php(71): Illuminate\\Database\\Seeder->__invoke()
#60 /home/haru/Desktop/projects/prs/vendor/laravel/framework/src/Illuminate/Database/Eloquent/Concerns/GuardsAttributes.php(183): Illuminate\\Database\\Console\\Seeds\\SeedCommand->{closure:Illuminate\\Database\\Console\\Seeds\\SeedCommand::handle():70}()
#61 /home/haru/Desktop/projects/prs/vendor/laravel/framework/src/Illuminate/Database/Console/Seeds/SeedCommand.php(70): Illuminate\\Database\\Eloquent\\Model::unguarded(Object(Closure))
#62 /home/haru/Desktop/projects/prs/vendor/laravel/framework/src/Illuminate/Container/BoundMethod.php(36): Illuminate\\Database\\Console\\Seeds\\SeedCommand->handle()
#63 /home/haru/Desktop/projects/prs/vendor/laravel/framework/src/Illuminate/Container/Util.php(43): Illuminate\\Container\\BoundMethod::{closure:Illuminate\\Container\\BoundMethod::call():35}()
#64 /home/haru/Desktop/projects/prs/vendor/laravel/framework/src/Illuminate/Container/BoundMethod.php(96): Illuminate\\Container\\Util::unwrapIfClosure(Object(Closure))
#65 /home/haru/Desktop/projects/prs/vendor/laravel/framework/src/Illuminate/Container/BoundMethod.php(35): Illuminate\\Container\\BoundMethod::callBoundMethod(Object(Illuminate\\Foundation\\Application), Array, Object(Closure))
#66 /home/haru/Desktop/projects/prs/vendor/laravel/framework/src/Illuminate/Container/Container.php(799): Illuminate\\Container\\BoundMethod::call(Object(Illuminate\\Foundation\\Application), Array, Array, NULL)
#67 /home/haru/Desktop/projects/prs/vendor/laravel/framework/src/Illuminate/Console/Command.php(273): Illuminate\\Container\\Container->call(Array)
#68 /home/haru/Desktop/projects/prs/vendor/symfony/console/Command/Command.php(291): Illuminate\\Console\\Command->execute(Object(Symfony\\Component\\Console\\Input\\ArrayInput), Object(Illuminate\\Console\\OutputStyle))
#69 /home/haru/Desktop/projects/prs/vendor/laravel/framework/src/Illuminate/Console/Command.php(242): Symfony\\Component\\Console\\Command\\Command->run(Object(Symfony\\Component\\Console\\Input\\ArrayInput), Object(Illuminate\\Console\\OutputStyle))
#70 /home/haru/Desktop/projects/prs/vendor/laravel/framework/src/Illuminate/Console/Concerns/CallsCommands.php(68): Illuminate\\Console\\Command->run(Object(Symfony\\Component\\Console\\Input\\ArrayInput), Object(Illuminate\\Console\\OutputStyle))
#71 /home/haru/Desktop/projects/prs/vendor/laravel/framework/src/Illuminate/Console/Concerns/CallsCommands.php(29): Illuminate\\Console\\Command->runCommand('db:seed', Array, Object(Illuminate\\Console\\OutputStyle))
#72 /home/haru/Desktop/projects/prs/vendor/laravel/framework/src/Illuminate/Database/Console/Migrations/MigrateCommand.php(127): Illuminate\\Console\\Command->call('db:seed', Array)
#73 /home/haru/Desktop/projects/prs/vendor/laravel/framework/src/Illuminate/Database/Migrations/Migrator.php(671): Illuminate\\Database\\Console\\Migrations\\MigrateCommand->{closure:Illuminate\\Database\\Console\\Migrations\\MigrateCommand::runMigrations():111}()
#74 /home/haru/Desktop/projects/prs/vendor/laravel/framework/src/Illuminate/Database/Console/Migrations/MigrateCommand.php(111): Illuminate\\Database\\Migrations\\Migrator->usingConnection(NULL, Object(Closure))
#75 /home/haru/Desktop/projects/prs/vendor/laravel/framework/src/Illuminate/Database/Console/Migrations/MigrateCommand.php(90): Illuminate\\Database\\Console\\Migrations\\MigrateCommand->runMigrations()
#76 /home/haru/Desktop/projects/prs/vendor/laravel/framework/src/Illuminate/Container/BoundMethod.php(36): Illuminate\\Database\\Console\\Migrations\\MigrateCommand->handle()
#77 /home/haru/Desktop/projects/prs/vendor/laravel/framework/src/Illuminate/Container/Util.php(43): Illuminate\\Container\\BoundMethod::{closure:Illuminate\\Container\\BoundMethod::call():35}()
#78 /home/haru/Desktop/projects/prs/vendor/laravel/framework/src/Illuminate/Container/BoundMethod.php(96): Illuminate\\Container\\Util::unwrapIfClosure(Object(Closure))
#79 /home/haru/Desktop/projects/prs/vendor/laravel/framework/src/Illuminate/Container/BoundMethod.php(35): Illuminate\\Container\\BoundMethod::callBoundMethod(Object(Illuminate\\Foundation\\Application), Array, Object(Closure))
#80 /home/haru/Desktop/projects/prs/vendor/laravel/framework/src/Illuminate/Container/Container.php(799): Illuminate\\Container\\BoundMethod::call(Object(Illuminate\\Foundation\\Application), Array, Array, NULL)
#81 /home/haru/Desktop/projects/prs/vendor/laravel/framework/src/Illuminate/Console/Command.php(273): Illuminate\\Container\\Container->call(Array)
#82 /home/haru/Desktop/projects/prs/vendor/symfony/console/Command/Command.php(291): Illuminate\\Console\\Command->execute(Object(Symfony\\Component\\Console\\Input\\ArgvInput), Object(Illuminate\\Console\\OutputStyle))
#83 /home/haru/Desktop/projects/prs/vendor/laravel/framework/src/Illuminate/Console/Command.php(242): Symfony\\Component\\Console\\Command\\Command->run(Object(Symfony\\Component\\Console\\Input\\ArgvInput), Object(Illuminate\\Console\\OutputStyle))
#84 /home/haru/Desktop/projects/prs/vendor/symfony/console/Application.php(1107): Illuminate\\Console\\Command->run(Object(Symfony\\Component\\Console\\Input\\ArgvInput), Object(Symfony\\Component\\Console\\Output\\ConsoleOutput))
#85 /home/haru/Desktop/projects/prs/vendor/symfony/console/Application.php(356): Symfony\\Component\\Console\\Application->doRunCommand(Object(Illuminate\\Database\\Console\\Migrations\\MigrateCommand), Object(Symfony\\Component\\Console\\Input\\ArgvInput), Object(Symfony\\Component\\Console\\Output\\ConsoleOutput))
#86 /home/haru/Desktop/projects/prs/vendor/symfony/console/Application.php(195): Symfony\\Component\\Console\\Application->doRun(Object(Symfony\\Component\\Console\\Input\\ArgvInput), Object(Symfony\\Component\\Console\\Output\\ConsoleOutput))
#87 /home/haru/Desktop/projects/prs/vendor/laravel/framework/src/Illuminate/Foundation/Console/Kernel.php(198): Symfony\\Component\\Console\\Application->run(Object(Symfony\\Component\\Console\\Input\\ArgvInput), Object(Symfony\\Component\\Console\\Output\\ConsoleOutput))
#88 /home/haru/Desktop/projects/prs/vendor/laravel/framework/src/Illuminate/Foundation/Application.php(1235): Illuminate\\Foundation\\Console\\Kernel->handle(Object(Symfony\\Component\\Console\\Input\\ArgvInput), Object(Symfony\\Component\\Console\\Output\\ConsoleOutput))
#89 /home/haru/Desktop/projects/prs/artisan(16): Illuminate\\Foundation\\Application->handleCommand(Object(Symfony\\Component\\Console\\Input\\ArgvInput))
#90 {main}
"} 
[2026-07-13 04:43:14] local.ERROR: cURL error 6: Could not resolve host: carbone (see https://curl.haxx.se/libcurl/c/libcurl-errors.html) for http://carbone:4000/render/template?download=true {"exception":"[object] (Illuminate\\Http\\Client\\ConnectionException(code: 0): cURL error 6: Could not resolve host: carbone (see https://curl.haxx.se/libcurl/c/libcurl-errors.html) for http://carbone:4000/render/template?download=true at /home/haru/Desktop/projects/prs/vendor/laravel/framework/src/Illuminate/Http/Client/PendingRequest.php:1805)
[stacktrace]
#0 /home/haru/Desktop/projects/prs/vendor/laravel/framework/src/Illuminate/Http/Client/PendingRequest.php(1081): Illuminate\\Http\\Client\\PendingRequest->marshalConnectionException(Object(GuzzleHttp\\Exception\\ConnectException))
#1 /home/haru/Desktop/projects/prs/vendor/laravel/framework/src/Illuminate/Support/helpers.php(328): Illuminate\\Http\\Client\\PendingRequest->{closure:Illuminate\\Http\\Client\\PendingRequest::send():1041}(1)
#2 /home/haru/Desktop/projects/prs/vendor/laravel/framework/src/Illuminate/Http/Client/PendingRequest.php(1041): retry(0, Object(Closure), 100, Object(Closure))
#3 /home/haru/Desktop/projects/prs/vendor/laravel/framework/src/Illuminate/Http/Client/PendingRequest.php(885): Illuminate\\Http\\Client\\PendingRequest->send('POST', 'http://carbone:...', Array)
#4 /home/haru/Desktop/projects/prs/app/Services/CarboneClient.php(19): Illuminate\\Http\\Client\\PendingRequest->post('/render/templat...', Array)
#5 /home/haru/Desktop/projects/prs/app/Services/DocxTemplateProcessor.php(72): App\\Services\\CarboneClient->render('PK\\x03\\x04\\x14\\x00\\x00\\x00\\x08\\x00\\xB1d\\xE6\\\\\\xEE...', Array)
#6 /home/haru/Desktop/projects/prs/app/Pdf/BuildPaymentRequestFormPdf.php(48): App\\Services\\DocxTemplateProcessor->renderPaymentRequestForm(Object(App\\Models\\Document), Object(App\\Models\\PaymentRequestForm))
#7 /home/haru/Desktop/projects/prs/app/Listeners/SnapshotPaymentRequestFormFinalDocument.php(31): App\\Pdf\\BuildPaymentRequestFormPdf->build(Object(App\\Models\\PaymentRequestForm))
#8 /home/haru/Desktop/projects/prs/vendor/laravel/framework/src/Illuminate/Events/Dispatcher.php(518): App\\Listeners\\SnapshotPaymentRequestFormFinalDocument->handle(Object(App\\Events\\Workflow\\WorkflowCompleted))
#9 /home/haru/Desktop/projects/prs/vendor/laravel/framework/src/Illuminate/Events/Dispatcher.php(328): Illuminate\\Events\\Dispatcher->{closure:Illuminate\\Events\\Dispatcher::createClassListener():511}('App\\\\Events\\\\Work...', Array)
#10 /home/haru/Desktop/projects/prs/vendor/laravel/framework/src/Illuminate/Events/Dispatcher.php(308): Illuminate\\Events\\Dispatcher->invokeListeners('App\\\\Events\\\\Work...', Array, false)
#11 /home/haru/Desktop/projects/prs/vendor/laravel/framework/src/Illuminate/Foundation/helpers.php(505): Illuminate\\Events\\Dispatcher->dispatch(Object(App\\Events\\Workflow\\WorkflowCompleted))
#12 /home/haru/Desktop/projects/prs/vendor/laravel/framework/src/Illuminate/Foundation/Events/Dispatchable.php(15): event(Object(App\\Events\\Workflow\\WorkflowCompleted))
#13 /home/haru/Desktop/projects/prs/app/Services/Workflow/WorkflowEngine.php(428): App\\Events\\Workflow\\WorkflowCompleted::dispatch(Object(App\\Models\\WorkflowInstance))
#14 /home/haru/Desktop/projects/prs/app/Services/Workflow/WorkflowEngine.php(486): App\\Services\\Workflow\\WorkflowEngine->{closure:App\\Services\\Workflow\\WorkflowEngine::advance():428}()
#15 /home/haru/Desktop/projects/prs/app/Services/Workflow/WorkflowEngine.php(249): App\\Services\\Workflow\\WorkflowEngine->runAfterCommit(Array)
#16 /home/haru/Desktop/projects/prs/app/Services/Workflow/WorkflowManager.php(73): App\\Services\\Workflow\\WorkflowEngine->act(Object(App\\Models\\WorkflowInstance), Object(App\\Models\\PaymentRequestForm), Object(App\\Models\\User), App\\Enums\\WorkflowActionType::Approve, 'Approved by see...')
#17 /home/haru/Desktop/projects/prs/database/seeders/PaymentRequestFormSeeder.php(166): App\\Services\\Workflow\\WorkflowManager->act(Object(App\\Models\\PaymentRequestForm), Object(App\\Models\\User), App\\Enums\\WorkflowActionType::Approve, 'Approved by see...')
#18 /home/haru/Desktop/projects/prs/database/seeders/PaymentRequestFormSeeder.php(122): Database\\Seeders\\PaymentRequestFormSeeder->completeActiveStep(Object(App\\Models\\PaymentRequestForm))
#19 /home/haru/Desktop/projects/prs/database/seeders/PaymentRequestFormSeeder.php(247): Database\\Seeders\\PaymentRequestFormSeeder->approveSteps(Object(App\\Models\\PaymentRequestForm), 4)
#20 /home/haru/Desktop/projects/prs/database/seeders/PaymentRequestFormSeeder.php(64): Database\\Seeders\\PaymentRequestFormSeeder->seedScenario4_ApprovedRawMaterialsInvoice()
#21 /home/haru/Desktop/projects/prs/vendor/laravel/framework/src/Illuminate/Database/Concerns/ManagesTransactions.php(35): Database\\Seeders\\PaymentRequestFormSeeder->{closure:Database\\Seeders\\PaymentRequestFormSeeder::run():60}(Object(Illuminate\\Database\\SQLiteConnection))
#22 /home/haru/Desktop/projects/prs/vendor/laravel/framework/src/Illuminate/Database/DatabaseManager.php(493): Illuminate\\Database\\Connection->transaction(Object(Closure))
#23 /home/haru/Desktop/projects/prs/vendor/laravel/framework/src/Illuminate/Support/Facades/Facade.php(363): Illuminate\\Database\\DatabaseManager->__call('transaction', Array)
#24 /home/haru/Desktop/projects/prs/database/seeders/PaymentRequestFormSeeder.php(60): Illuminate\\Support\\Facades\\Facade::__callStatic('transaction', Array)
#25 /home/haru/Desktop/projects/prs/vendor/laravel/framework/src/Illuminate/Container/BoundMethod.php(36): Database\\Seeders\\PaymentRequestFormSeeder->run()
#26 /home/haru/Desktop/projects/prs/vendor/laravel/framework/src/Illuminate/Container/Util.php(43): Illuminate\\Container\\BoundMethod::{closure:Illuminate\\Container\\BoundMethod::call():35}()
#27 /home/haru/Desktop/projects/prs/vendor/laravel/framework/src/Illuminate/Container/BoundMethod.php(96): Illuminate\\Container\\Util::unwrapIfClosure(Object(Closure))
#28 /home/haru/Desktop/projects/prs/vendor/laravel/framework/src/Illuminate/Container/BoundMethod.php(35): Illuminate\\Container\\BoundMethod::callBoundMethod(Object(Illuminate\\Foundation\\Application), Array, Object(Closure))
#29 /home/haru/Desktop/projects/prs/vendor/laravel/framework/src/Illuminate/Container/Container.php(799): Illuminate\\Container\\BoundMethod::call(Object(Illuminate\\Foundation\\Application), Array, Array, NULL)
#30 /home/haru/Desktop/projects/prs/vendor/laravel/framework/src/Illuminate/Database/Seeder.php(184): Illuminate\\Container\\Container->call(Array, Array)
#31 /home/haru/Desktop/projects/prs/vendor/laravel/framework/src/Illuminate/Database/Seeder.php(193): Illuminate\\Database\\Seeder->{closure:Illuminate\\Database\\Seeder::__invoke():183}()
#32 /home/haru/Desktop/projects/prs/vendor/laravel/framework/src/Illuminate/Database/Seeder.php(59): Illuminate\\Database\\Seeder->__invoke(Array)
#33 /home/haru/Desktop/projects/prs/database/seeders/DatabaseSeeder.php(14): Illuminate\\Database\\Seeder->call('Database\\\\Seeder...')
#34 /home/haru/Desktop/projects/prs/vendor/laravel/framework/src/Illuminate/Container/BoundMethod.php(36): Database\\Seeders\\DatabaseSeeder->run()
#35 /home/haru/Desktop/projects/prs/vendor/laravel/framework/src/Illuminate/Container/Util.php(43): Illuminate\\Container\\BoundMethod::{closure:Illuminate\\Container\\BoundMethod::call():35}()
#36 /home/haru/Desktop/projects/prs/vendor/laravel/framework/src/Illuminate/Container/BoundMethod.php(96): Illuminate\\Container\\Util::unwrapIfClosure(Object(Closure))
#37 /home/haru/Desktop/projects/prs/vendor/laravel/framework/src/Illuminate/Container/BoundMethod.php(35): Illuminate\\Container\\BoundMethod::callBoundMethod(Object(Illuminate\\Foundation\\Application), Array, Object(Closure))
#38 /home/haru/Desktop/projects/prs/vendor/laravel/framework/src/Illuminate/Container/Container.php(799): Illuminate\\Container\\BoundMethod::call(Object(Illuminate\\Foundation\\Application), Array, Array, NULL)
#39 /home/haru/Desktop/projects/prs/vendor/laravel/framework/src/Illuminate/Database/Seeder.php(184): Illuminate\\Container\\Container->call(Array, Array)
#40 /home/haru/Desktop/projects/prs/vendor/laravel/framework/src/Illuminate/Database/Seeder.php(193): Illuminate\\Database\\Seeder->{closure:Illuminate\\Database\\Seeder::__invoke():183}()
#41 /home/haru/Desktop/projects/prs/vendor/laravel/framework/src/Illuminate/Database/Console/Seeds/SeedCommand.php(71): Illuminate\\Database\\Seeder->__invoke()
#42 /home/haru/Desktop/projects/prs/vendor/laravel/framework/src/Illuminate/Database/Eloquent/Concerns/GuardsAttributes.php(183): Illuminate\\Database\\Console\\Seeds\\SeedCommand->{closure:Illuminate\\Database\\Console\\Seeds\\SeedCommand::handle():70}()
#43 /home/haru/Desktop/projects/prs/vendor/laravel/framework/src/Illuminate/Database/Console/Seeds/SeedCommand.php(70): Illuminate\\Database\\Eloquent\\Model::unguarded(Object(Closure))
#44 /home/haru/Desktop/projects/prs/vendor/laravel/framework/src/Illuminate/Container/BoundMethod.php(36): Illuminate\\Database\\Console\\Seeds\\SeedCommand->handle()
#45 /home/haru/Desktop/projects/prs/vendor/laravel/framework/src/Illuminate/Container/Util.php(43): Illuminate\\Container\\BoundMethod::{closure:Illuminate\\Container\\BoundMethod::call():35}()
#46 /home/haru/Desktop/projects/prs/vendor/laravel/framework/src/Illuminate/Container/BoundMethod.php(96): Illuminate\\Container\\Util::unwrapIfClosure(Object(Closure))
#47 /home/haru/Desktop/projects/prs/vendor/laravel/framework/src/Illuminate/Container/BoundMethod.php(35): Illuminate\\Container\\BoundMethod::callBoundMethod(Object(Illuminate\\Foundation\\Application), Array, Object(Closure))
#48 /home/haru/Desktop/projects/prs/vendor/laravel/framework/src/Illuminate/Container/Container.php(799): Illuminate\\Container\\BoundMethod::call(Object(Illuminate\\Foundation\\Application), Array, Array, NULL)
#49 /home/haru/Desktop/projects/prs/vendor/laravel/framework/src/Illuminate/Console/Command.php(273): Illuminate\\Container\\Container->call(Array)
#50 /home/haru/Desktop/projects/prs/vendor/symfony/console/Command/Command.php(291): Illuminate\\Console\\Command->execute(Object(Symfony\\Component\\Console\\Input\\ArrayInput), Object(Illuminate\\Console\\OutputStyle))
#51 /home/haru/Desktop/projects/prs/vendor/laravel/framework/src/Illuminate/Console/Command.php(242): Symfony\\Component\\Console\\Command\\Command->run(Object(Symfony\\Component\\Console\\Input\\ArrayInput), Object(Illuminate\\Console\\OutputStyle))
#52 /home/haru/Desktop/projects/prs/vendor/laravel/framework/src/Illuminate/Console/Concerns/CallsCommands.php(68): Illuminate\\Console\\Command->run(Object(Symfony\\Component\\Console\\Input\\ArrayInput), Object(Illuminate\\Console\\OutputStyle))
#53 /home/haru/Desktop/projects/prs/vendor/laravel/framework/src/Illuminate/Console/Concerns/CallsCommands.php(29): Illuminate\\Console\\Command->runCommand('db:seed', Array, Object(Illuminate\\Console\\OutputStyle))
#54 /home/haru/Desktop/projects/prs/vendor/laravel/framework/src/Illuminate/Database/Console/Migrations/MigrateCommand.php(127): Illuminate\\Console\\Command->call('db:seed', Array)
#55 /home/haru/Desktop/projects/prs/vendor/laravel/framework/src/Illuminate/Database/Migrations/Migrator.php(671): Illuminate\\Database\\Console\\Migrations\\MigrateCommand->{closure:Illuminate\\Database\\Console\\Migrations\\MigrateCommand::runMigrations():111}()
#56 /home/haru/Desktop/projects/prs/vendor/laravel/framework/src/Illuminate/Database/Console/Migrations/MigrateCommand.php(111): Illuminate\\Database\\Migrations\\Migrator->usingConnection(NULL, Object(Closure))
#57 /home/haru/Desktop/projects/prs/vendor/laravel/framework/src/Illuminate/Database/Console/Migrations/MigrateCommand.php(90): Illuminate\\Database\\Console\\Migrations\\MigrateCommand->runMigrations()
#58 /home/haru/Desktop/projects/prs/vendor/laravel/framework/src/Illuminate/Container/BoundMethod.php(36): Illuminate\\Database\\Console\\Migrations\\MigrateCommand->handle()
#59 /home/haru/Desktop/projects/prs/vendor/laravel/framework/src/Illuminate/Container/Util.php(43): Illuminate\\Container\\BoundMethod::{closure:Illuminate\\Container\\BoundMethod::call():35}()
#60 /home/haru/Desktop/projects/prs/vendor/laravel/framework/src/Illuminate/Container/BoundMethod.php(96): Illuminate\\Container\\Util::unwrapIfClosure(Object(Closure))
#61 /home/haru/Desktop/projects/prs/vendor/laravel/framework/src/Illuminate/Container/BoundMethod.php(35): Illuminate\\Container\\BoundMethod::callBoundMethod(Object(Illuminate\\Foundation\\Application), Array, Object(Closure))
#62 /home/haru/Desktop/projects/prs/vendor/laravel/framework/src/Illuminate/Container/Container.php(799): Illuminate\\Container\\BoundMethod::call(Object(Illuminate\\Foundation\\Application), Array, Array, NULL)
#63 /home/haru/Desktop/projects/prs/vendor/laravel/framework/src/Illuminate/Console/Command.php(273): Illuminate\\Container\\Container->call(Array)
#64 /home/haru/Desktop/projects/prs/vendor/symfony/console/Command/Command.php(291): Illuminate\\Console\\Command->execute(Object(Symfony\\Component\\Console\\Input\\ArgvInput), Object(Illuminate\\Console\\OutputStyle))
#65 /home/haru/Desktop/projects/prs/vendor/laravel/framework/src/Illuminate/Console/Command.php(242): Symfony\\Component\\Console\\Command\\Command->run(Object(Symfony\\Component\\Console\\Input\\ArgvInput), Object(Illuminate\\Console\\OutputStyle))
#66 /home/haru/Desktop/projects/prs/vendor/symfony/console/Application.php(1107): Illuminate\\Console\\Command->run(Object(Symfony\\Component\\Console\\Input\\ArgvInput), Object(Symfony\\Component\\Console\\Output\\ConsoleOutput))
#67 /home/haru/Desktop/projects/prs/vendor/symfony/console/Application.php(356): Symfony\\Component\\Console\\Application->doRunCommand(Object(Illuminate\\Database\\Console\\Migrations\\MigrateCommand), Object(Symfony\\Component\\Console\\Input\\ArgvInput), Object(Symfony\\Component\\Console\\Output\\ConsoleOutput))
#68 /home/haru/Desktop/projects/prs/vendor/symfony/console/Application.php(195): Symfony\\Component\\Console\\Application->doRun(Object(Symfony\\Component\\Console\\Input\\ArgvInput), Object(Symfony\\Component\\Console\\Output\\ConsoleOutput))
#69 /home/haru/Desktop/projects/prs/vendor/laravel/framework/src/Illuminate/Foundation/Console/Kernel.php(198): Symfony\\Component\\Console\\Application->run(Object(Symfony\\Component\\Console\\Input\\ArgvInput), Object(Symfony\\Component\\Console\\Output\\ConsoleOutput))
#70 /home/haru/Desktop/projects/prs/vendor/laravel/framework/src/Illuminate/Foundation/Application.php(1235): Illuminate\\Foundation\\Console\\Kernel->handle(Object(Symfony\\Component\\Console\\Input\\ArgvInput), Object(Symfony\\Component\\Console\\Output\\ConsoleOutput))
#71 /home/haru/Desktop/projects/prs/artisan(16): Illuminate\\Foundation\\Application->handleCommand(Object(Symfony\\Component\\Console\\Input\\ArgvInput))
#72 {main}

[previous exception] [object] (GuzzleHttp\\Exception\\ConnectException(code: 0): cURL error 6: Could not resolve host: carbone (see https://curl.haxx.se/libcurl/c/libcurl-errors.html) for http://carbone:4000/render/template?download=true at /home/haru/Desktop/projects/prs/vendor/guzzlehttp/guzzle/src/Handler/CurlFactory.php:277)
[stacktrace]
#0 /home/haru/Desktop/projects/prs/vendor/guzzlehttp/guzzle/src/Handler/CurlFactory.php(207): GuzzleHttp\\Handler\\CurlFactory::createRejection(Object(GuzzleHttp\\Handler\\EasyHandle), Array)
#1 /home/haru/Desktop/projects/prs/vendor/guzzlehttp/guzzle/src/Handler/CurlFactory.php(159): GuzzleHttp\\Handler\\CurlFactory::finishError(Object(GuzzleHttp\\Handler\\CurlHandler), Object(GuzzleHttp\\Handler\\EasyHandle), Object(GuzzleHttp\\Handler\\CurlFactory))
#2 /home/haru/Desktop/projects/prs/vendor/guzzlehttp/guzzle/src/Handler/CurlHandler.php(47): GuzzleHttp\\Handler\\CurlFactory::finish(Object(GuzzleHttp\\Handler\\CurlHandler), Object(GuzzleHttp\\Handler\\EasyHandle), Object(GuzzleHttp\\Handler\\CurlFactory))
#3 /home/haru/Desktop/projects/prs/vendor/guzzlehttp/guzzle/src/Handler/Proxy.php(28): GuzzleHttp\\Handler\\CurlHandler->__invoke(Object(GuzzleHttp\\Psr7\\Request), Array)
#4 /home/haru/Desktop/projects/prs/vendor/guzzlehttp/guzzle/src/Handler/Proxy.php(48): GuzzleHttp\\Handler\\Proxy::{closure:GuzzleHttp\\Handler\\Proxy::wrapSync():27}(Object(GuzzleHttp\\Psr7\\Request), Array)
#5 /home/haru/Desktop/projects/prs/vendor/laravel/framework/src/Illuminate/Http/Client/PendingRequest.php(1523): GuzzleHttp\\Handler\\Proxy::{closure:GuzzleHttp\\Handler\\Proxy::wrapStreaming():47}(Object(GuzzleHttp\\Psr7\\Request), Array)
#6 /home/haru/Desktop/projects/prs/vendor/laravel/framework/src/Illuminate/Http/Client/PendingRequest.php(1480): Illuminate\\Http\\Client\\PendingRequest->{closure:{closure:Illuminate\\Http\\Client\\PendingRequest::buildStubHandler():1505}:1506}(Object(GuzzleHttp\\Psr7\\Request), Array)
#7 /home/haru/Desktop/projects/prs/vendor/laravel/framework/src/Illuminate/Http/Client/PendingRequest.php(1466): Illuminate\\Http\\Client\\PendingRequest->{closure:{closure:Illuminate\\Http\\Client\\PendingRequest::buildRecorderHandler():1478}:1479}(Object(GuzzleHttp\\Psr7\\Request), Array)
#8 /home/haru/Desktop/projects/prs/vendor/guzzlehttp/guzzle/src/PrepareBodyMiddleware.php(64): Illuminate\\Http\\Client\\PendingRequest->{closure:{closure:Illuminate\\Http\\Client\\PendingRequest::buildBeforeSendingHandler():1464}:1465}(Object(GuzzleHttp\\Psr7\\Request), Array)
#9 /home/haru/Desktop/projects/prs/vendor/guzzlehttp/guzzle/src/Middleware.php(38): GuzzleHttp\\PrepareBodyMiddleware->__invoke(Object(GuzzleHttp\\Psr7\\Request), Array)
#10 /home/haru/Desktop/projects/prs/vendor/guzzlehttp/guzzle/src/RedirectMiddleware.php(71): GuzzleHttp\\Middleware::{closure:{closure:GuzzleHttp\\Middleware::cookies():28}:29}(Object(GuzzleHttp\\Psr7\\Request), Array)
#11 /home/haru/Desktop/projects/prs/vendor/guzzlehttp/guzzle/src/Middleware.php(63): GuzzleHttp\\RedirectMiddleware->__invoke(Object(GuzzleHttp\\Psr7\\Request), Array)
#12 /home/haru/Desktop/projects/prs/vendor/guzzlehttp/guzzle/src/HandlerStack.php(75): GuzzleHttp\\Middleware::{closure:{closure:GuzzleHttp\\Middleware::httpErrors():60}:61}(Object(GuzzleHttp\\Psr7\\Request), Array)
#13 /home/haru/Desktop/projects/prs/vendor/guzzlehttp/guzzle/src/Client.php(333): GuzzleHttp\\HandlerStack->__invoke(Object(GuzzleHttp\\Psr7\\Request), Array)
#14 /home/haru/Desktop/projects/prs/vendor/guzzlehttp/guzzle/src/Client.php(169): GuzzleHttp\\Client->transfer(Object(GuzzleHttp\\Psr7\\Request), Array)
#15 /home/haru/Desktop/projects/prs/vendor/guzzlehttp/guzzle/src/Client.php(189): GuzzleHttp\\Client->requestAsync('POST', Object(GuzzleHttp\\Psr7\\Uri), Array)
#16 /home/haru/Desktop/projects/prs/vendor/laravel/framework/src/Illuminate/Http/Client/PendingRequest.php(1306): GuzzleHttp\\Client->request('POST', 'http://carbone:...', Array)
#17 /home/haru/Desktop/projects/prs/vendor/laravel/framework/src/Illuminate/Http/Client/PendingRequest.php(1043): Illuminate\\Http\\Client\\PendingRequest->sendRequest('POST', 'http://carbone:...', Array)
#18 /home/haru/Desktop/projects/prs/vendor/laravel/framework/src/Illuminate/Support/helpers.php(328): Illuminate\\Http\\Client\\PendingRequest->{closure:Illuminate\\Http\\Client\\PendingRequest::send():1041}(1)
#19 /home/haru/Desktop/projects/prs/vendor/laravel/framework/src/Illuminate/Http/Client/PendingRequest.php(1041): retry(0, Object(Closure), 100, Object(Closure))
#20 /home/haru/Desktop/projects/prs/vendor/laravel/framework/src/Illuminate/Http/Client/PendingRequest.php(885): Illuminate\\Http\\Client\\PendingRequest->send('POST', 'http://carbone:...', Array)
#21 /home/haru/Desktop/projects/prs/app/Services/CarboneClient.php(19): Illuminate\\Http\\Client\\PendingRequest->post('/render/templat...', Array)
#22 /home/haru/Desktop/projects/prs/app/Services/DocxTemplateProcessor.php(72): App\\Services\\CarboneClient->render('PK\\x03\\x04\\x14\\x00\\x00\\x00\\x08\\x00\\xB1d\\xE6\\\\\\xEE...', Array)
#23 /home/haru/Desktop/projects/prs/app/Pdf/BuildPaymentRequestFormPdf.php(48): App\\Services\\DocxTemplateProcessor->renderPaymentRequestForm(Object(App\\Models\\Document), Object(App\\Models\\PaymentRequestForm))
#24 /home/haru/Desktop/projects/prs/app/Listeners/SnapshotPaymentRequestFormFinalDocument.php(31): App\\Pdf\\BuildPaymentRequestFormPdf->build(Object(App\\Models\\PaymentRequestForm))
#25 /home/haru/Desktop/projects/prs/vendor/laravel/framework/src/Illuminate/Events/Dispatcher.php(518): App\\Listeners\\SnapshotPaymentRequestFormFinalDocument->handle(Object(App\\Events\\Workflow\\WorkflowCompleted))
#26 /home/haru/Desktop/projects/prs/vendor/laravel/framework/src/Illuminate/Events/Dispatcher.php(328): Illuminate\\Events\\Dispatcher->{closure:Illuminate\\Events\\Dispatcher::createClassListener():511}('App\\\\Events\\\\Work...', Array)
#27 /home/haru/Desktop/projects/prs/vendor/laravel/framework/src/Illuminate/Events/Dispatcher.php(308): Illuminate\\Events\\Dispatcher->invokeListeners('App\\\\Events\\\\Work...', Array, false)
#28 /home/haru/Desktop/projects/prs/vendor/laravel/framework/src/Illuminate/Foundation/helpers.php(505): Illuminate\\Events\\Dispatcher->dispatch(Object(App\\Events\\Workflow\\WorkflowCompleted))
#29 /home/haru/Desktop/projects/prs/vendor/laravel/framework/src/Illuminate/Foundation/Events/Dispatchable.php(15): event(Object(App\\Events\\Workflow\\WorkflowCompleted))
#30 /home/haru/Desktop/projects/prs/app/Services/Workflow/WorkflowEngine.php(428): App\\Events\\Workflow\\WorkflowCompleted::dispatch(Object(App\\Models\\WorkflowInstance))
#31 /home/haru/Desktop/projects/prs/app/Services/Workflow/WorkflowEngine.php(486): App\\Services\\Workflow\\WorkflowEngine->{closure:App\\Services\\Workflow\\WorkflowEngine::advance():428}()
#32 /home/haru/Desktop/projects/prs/app/Services/Workflow/WorkflowEngine.php(249): App\\Services\\Workflow\\WorkflowEngine->runAfterCommit(Array)
#33 /home/haru/Desktop/projects/prs/app/Services/Workflow/WorkflowManager.php(73): App\\Services\\Workflow\\WorkflowEngine->act(Object(App\\Models\\WorkflowInstance), Object(App\\Models\\PaymentRequestForm), Object(App\\Models\\User), App\\Enums\\WorkflowActionType::Approve, 'Approved by see...')
#34 /home/haru/Desktop/projects/prs/database/seeders/PaymentRequestFormSeeder.php(166): App\\Services\\Workflow\\WorkflowManager->act(Object(App\\Models\\PaymentRequestForm), Object(App\\Models\\User), App\\Enums\\WorkflowActionType::Approve, 'Approved by see...')
#35 /home/haru/Desktop/projects/prs/database/seeders/PaymentRequestFormSeeder.php(122): Database\\Seeders\\PaymentRequestFormSeeder->completeActiveStep(Object(App\\Models\\PaymentRequestForm))
#36 /home/haru/Desktop/projects/prs/database/seeders/PaymentRequestFormSeeder.php(247): Database\\Seeders\\PaymentRequestFormSeeder->approveSteps(Object(App\\Models\\PaymentRequestForm), 4)
#37 /home/haru/Desktop/projects/prs/database/seeders/PaymentRequestFormSeeder.php(64): Database\\Seeders\\PaymentRequestFormSeeder->seedScenario4_ApprovedRawMaterialsInvoice()
#38 /home/haru/Desktop/projects/prs/vendor/laravel/framework/src/Illuminate/Database/Concerns/ManagesTransactions.php(35): Database\\Seeders\\PaymentRequestFormSeeder->{closure:Database\\Seeders\\PaymentRequestFormSeeder::run():60}(Object(Illuminate\\Database\\SQLiteConnection))
#39 /home/haru/Desktop/projects/prs/vendor/laravel/framework/src/Illuminate/Database/DatabaseManager.php(493): Illuminate\\Database\\Connection->transaction(Object(Closure))
#40 /home/haru/Desktop/projects/prs/vendor/laravel/framework/src/Illuminate/Support/Facades/Facade.php(363): Illuminate\\Database\\DatabaseManager->__call('transaction', Array)
#41 /home/haru/Desktop/projects/prs/database/seeders/PaymentRequestFormSeeder.php(60): Illuminate\\Support\\Facades\\Facade::__callStatic('transaction', Array)
#42 /home/haru/Desktop/projects/prs/vendor/laravel/framework/src/Illuminate/Container/BoundMethod.php(36): Database\\Seeders\\PaymentRequestFormSeeder->run()
#43 /home/haru/Desktop/projects/prs/vendor/laravel/framework/src/Illuminate/Container/Util.php(43): Illuminate\\Container\\BoundMethod::{closure:Illuminate\\Container\\BoundMethod::call():35}()
#44 /home/haru/Desktop/projects/prs/vendor/laravel/framework/src/Illuminate/Container/BoundMethod.php(96): Illuminate\\Container\\Util::unwrapIfClosure(Object(Closure))
#45 /home/haru/Desktop/projects/prs/vendor/laravel/framework/src/Illuminate/Container/BoundMethod.php(35): Illuminate\\Container\\BoundMethod::callBoundMethod(Object(Illuminate\\Foundation\\Application), Array, Object(Closure))
#46 /home/haru/Desktop/projects/prs/vendor/laravel/framework/src/Illuminate/Container/Container.php(799): Illuminate\\Container\\BoundMethod::call(Object(Illuminate\\Foundation\\Application), Array, Array, NULL)
#47 /home/haru/Desktop/projects/prs/vendor/laravel/framework/src/Illuminate/Database/Seeder.php(184): Illuminate\\Container\\Container->call(Array, Array)
#48 /home/haru/Desktop/projects/prs/vendor/laravel/framework/src/Illuminate/Database/Seeder.php(193): Illuminate\\Database\\Seeder->{closure:Illuminate\\Database\\Seeder::__invoke():183}()
#49 /home/haru/Desktop/projects/prs/vendor/laravel/framework/src/Illuminate/Database/Seeder.php(59): Illuminate\\Database\\Seeder->__invoke(Array)
#50 /home/haru/Desktop/projects/prs/database/seeders/DatabaseSeeder.php(14): Illuminate\\Database\\Seeder->call('Database\\\\Seeder...')
#51 /home/haru/Desktop/projects/prs/vendor/laravel/framework/src/Illuminate/Container/BoundMethod.php(36): Database\\Seeders\\DatabaseSeeder->run()
#52 /home/haru/Desktop/projects/prs/vendor/laravel/framework/src/Illuminate/Container/Util.php(43): Illuminate\\Container\\BoundMethod::{closure:Illuminate\\Container\\BoundMethod::call():35}()
#53 /home/haru/Desktop/projects/prs/vendor/laravel/framework/src/Illuminate/Container/BoundMethod.php(96): Illuminate\\Container\\Util::unwrapIfClosure(Object(Closure))
#54 /home/haru/Desktop/projects/prs/vendor/laravel/framework/src/Illuminate/Container/BoundMethod.php(35): Illuminate\\Container\\BoundMethod::callBoundMethod(Object(Illuminate\\Foundation\\Application), Array, Object(Closure))
#55 /home/haru/Desktop/projects/prs/vendor/laravel/framework/src/Illuminate/Container/Container.php(799): Illuminate\\Container\\BoundMethod::call(Object(Illuminate\\Foundation\\Application), Array, Array, NULL)
#56 /home/haru/Desktop/projects/prs/vendor/laravel/framework/src/Illuminate/Database/Seeder.php(184): Illuminate\\Container\\Container->call(Array, Array)
#57 /home/haru/Desktop/projects/prs/vendor/laravel/framework/src/Illuminate/Database/Seeder.php(193): Illuminate\\Database\\Seeder->{closure:Illuminate\\Database\\Seeder::__invoke():183}()
#58 /home/haru/Desktop/projects/prs/vendor/laravel/framework/src/Illuminate/Database/Console/Seeds/SeedCommand.php(71): Illuminate\\Database\\Seeder->__invoke()
#59 /home/haru/Desktop/projects/prs/vendor/laravel/framework/src/Illuminate/Database/Eloquent/Concerns/GuardsAttributes.php(183): Illuminate\\Database\\Console\\Seeds\\SeedCommand->{closure:Illuminate\\Database\\Console\\Seeds\\SeedCommand::handle():70}()
#60 /home/haru/Desktop/projects/prs/vendor/laravel/framework/src/Illuminate/Database/Console/Seeds/SeedCommand.php(70): Illuminate\\Database\\Eloquent\\Model::unguarded(Object(Closure))
#61 /home/haru/Desktop/projects/prs/vendor/laravel/framework/src/Illuminate/Container/BoundMethod.php(36): Illuminate\\Database\\Console\\Seeds\\SeedCommand->handle()
#62 /home/haru/Desktop/projects/prs/vendor/laravel/framework/src/Illuminate/Container/Util.php(43): Illuminate\\Container\\BoundMethod::{closure:Illuminate\\Container\\BoundMethod::call():35}()
#63 /home/haru/Desktop/projects/prs/vendor/laravel/framework/src/Illuminate/Container/BoundMethod.php(96): Illuminate\\Container\\Util::unwrapIfClosure(Object(Closure))
#64 /home/haru/Desktop/projects/prs/vendor/laravel/framework/src/Illuminate/Container/BoundMethod.php(35): Illuminate\\Container\\BoundMethod::callBoundMethod(Object(Illuminate\\Foundation\\Application), Array, Object(Closure))
#65 /home/haru/Desktop/projects/prs/vendor/laravel/framework/src/Illuminate/Container/Container.php(799): Illuminate\\Container\\BoundMethod::call(Object(Illuminate\\Foundation\\Application), Array, Array, NULL)
#66 /home/haru/Desktop/projects/prs/vendor/laravel/framework/src/Illuminate/Console/Command.php(273): Illuminate\\Container\\Container->call(Array)
#67 /home/haru/Desktop/projects/prs/vendor/symfony/console/Command/Command.php(291): Illuminate\\Console\\Command->execute(Object(Symfony\\Component\\Console\\Input\\ArrayInput), Object(Illuminate\\Console\\OutputStyle))
#68 /home/haru/Desktop/projects/prs/vendor/laravel/framework/src/Illuminate/Console/Command.php(242): Symfony\\Component\\Console\\Command\\Command->run(Object(Symfony\\Component\\Console\\Input\\ArrayInput), Object(Illuminate\\Console\\OutputStyle))
#69 /home/haru/Desktop/projects/prs/vendor/laravel/framework/src/Illuminate/Console/Concerns/CallsCommands.php(68): Illuminate\\Console\\Command->run(Object(Symfony\\Component\\Console\\Input\\ArrayInput), Object(Illuminate\\Console\\OutputStyle))
#70 /home/haru/Desktop/projects/prs/vendor/laravel/framework/src/Illuminate/Console/Concerns/CallsCommands.php(29): Illuminate\\Console\\Command->runCommand('db:seed', Array, Object(Illuminate\\Console\\OutputStyle))
#71 /home/haru/Desktop/projects/prs/vendor/laravel/framework/src/Illuminate/Database/Console/Migrations/MigrateCommand.php(127): Illuminate\\Console\\Command->call('db:seed', Array)
#72 /home/haru/Desktop/projects/prs/vendor/laravel/framework/src/Illuminate/Database/Migrations/Migrator.php(671): Illuminate\\Database\\Console\\Migrations\\MigrateCommand->{closure:Illuminate\\Database\\Console\\Migrations\\MigrateCommand::runMigrations():111}()
#73 /home/haru/Desktop/projects/prs/vendor/laravel/framework/src/Illuminate/Database/Console/Migrations/MigrateCommand.php(111): Illuminate\\Database\\Migrations\\Migrator->usingConnection(NULL, Object(Closure))
#74 /home/haru/Desktop/projects/prs/vendor/laravel/framework/src/Illuminate/Database/Console/Migrations/MigrateCommand.php(90): Illuminate\\Database\\Console\\Migrations\\MigrateCommand->runMigrations()
#75 /home/haru/Desktop/projects/prs/vendor/laravel/framework/src/Illuminate/Container/BoundMethod.php(36): Illuminate\\Database\\Console\\Migrations\\MigrateCommand->handle()
#76 /home/haru/Desktop/projects/prs/vendor/laravel/framework/src/Illuminate/Container/Util.php(43): Illuminate\\Container\\BoundMethod::{closure:Illuminate\\Container\\BoundMethod::call():35}()
#77 /home/haru/Desktop/projects/prs/vendor/laravel/framework/src/Illuminate/Container/BoundMethod.php(96): Illuminate\\Container\\Util::unwrapIfClosure(Object(Closure))
#78 /home/haru/Desktop/projects/prs/vendor/laravel/framework/src/Illuminate/Container/BoundMethod.php(35): Illuminate\\Container\\BoundMethod::callBoundMethod(Object(Illuminate\\Foundation\\Application), Array, Object(Closure))
#79 /home/haru/Desktop/projects/prs/vendor/laravel/framework/src/Illuminate/Container/Container.php(799): Illuminate\\Container\\BoundMethod::call(Object(Illuminate\\Foundation\\Application), Array, Array, NULL)
#80 /home/haru/Desktop/projects/prs/vendor/laravel/framework/src/Illuminate/Console/Command.php(273): Illuminate\\Container\\Container->call(Array)
#81 /home/haru/Desktop/projects/prs/vendor/symfony/console/Command/Command.php(291): Illuminate\\Console\\Command->execute(Object(Symfony\\Component\\Console\\Input\\ArgvInput), Object(Illuminate\\Console\\OutputStyle))
#82 /home/haru/Desktop/projects/prs/vendor/laravel/framework/src/Illuminate/Console/Command.php(242): Symfony\\Component\\Console\\Command\\Command->run(Object(Symfony\\Component\\Console\\Input\\ArgvInput), Object(Illuminate\\Console\\OutputStyle))
#83 /home/haru/Desktop/projects/prs/vendor/symfony/console/Application.php(1107): Illuminate\\Console\\Command->run(Object(Symfony\\Component\\Console\\Input\\ArgvInput), Object(Symfony\\Component\\Console\\Output\\ConsoleOutput))
#84 /home/haru/Desktop/projects/prs/vendor/symfony/console/Application.php(356): Symfony\\Component\\Console\\Application->doRunCommand(Object(Illuminate\\Database\\Console\\Migrations\\MigrateCommand), Object(Symfony\\Component\\Console\\Input\\ArgvInput), Object(Symfony\\Component\\Console\\Output\\ConsoleOutput))
#85 /home/haru/Desktop/projects/prs/vendor/symfony/console/Application.php(195): Symfony\\Component\\Console\\Application->doRun(Object(Symfony\\Component\\Console\\Input\\ArgvInput), Object(Symfony\\Component\\Console\\Output\\ConsoleOutput))
#86 /home/haru/Desktop/projects/prs/vendor/laravel/framework/src/Illuminate/Foundation/Console/Kernel.php(198): Symfony\\Component\\Console\\Application->run(Object(Symfony\\Component\\Console\\Input\\ArgvInput), Object(Symfony\\Component\\Console\\Output\\ConsoleOutput))
#87 /home/haru/Desktop/projects/prs/vendor/laravel/framework/src/Illuminate/Foundation/Application.php(1235): Illuminate\\Foundation\\Console\\Kernel->handle(Object(Symfony\\Component\\Console\\Input\\ArgvInput), Object(Symfony\\Component\\Console\\Output\\ConsoleOutput))
#88 /home/haru/Desktop/projects/prs/artisan(16): Illuminate\\Foundation\\Application->handleCommand(Object(Symfony\\Component\\Console\\Input\\ArgvInput))
#89 {main}
"} 
[2026-07-13 04:43:20] local.ERROR: cURL error 6: Could not resolve host: carbone (see https://curl.haxx.se/libcurl/c/libcurl-errors.html) for http://carbone:4000/render/template?download=true {"exception":"[object] (Illuminate\\Http\\Client\\ConnectionException(code: 0): cURL error 6: Could not resolve host: carbone (see https://curl.haxx.se/libcurl/c/libcurl-errors.html) for http://carbone:4000/render/template?download=true at /home/haru/Desktop/projects/prs/vendor/laravel/framework/src/Illuminate/Http/Client/PendingRequest.php:1805)
[stacktrace]
#0 /home/haru/Desktop/projects/prs/vendor/laravel/framework/src/Illuminate/Http/Client/PendingRequest.php(1081): Illuminate\\Http\\Client\\PendingRequest->marshalConnectionException(Object(GuzzleHttp\\Exception\\ConnectException))
#1 /home/haru/Desktop/projects/prs/vendor/laravel/framework/src/Illuminate/Support/helpers.php(328): Illuminate\\Http\\Client\\PendingRequest->{closure:Illuminate\\Http\\Client\\PendingRequest::send():1041}(1)
#2 /home/haru/Desktop/projects/prs/vendor/laravel/framework/src/Illuminate/Http/Client/PendingRequest.php(1041): retry(0, Object(Closure), 100, Object(Closure))
#3 /home/haru/Desktop/projects/prs/vendor/laravel/framework/src/Illuminate/Http/Client/PendingRequest.php(885): Illuminate\\Http\\Client\\PendingRequest->send('POST', 'http://carbone:...', Array)
#4 /home/haru/Desktop/projects/prs/app/Services/CarboneClient.php(19): Illuminate\\Http\\Client\\PendingRequest->post('/render/templat...', Array)
#5 /home/haru/Desktop/projects/prs/app/Services/DocxTemplateProcessor.php(72): App\\Services\\CarboneClient->render('PK\\x03\\x04\\x14\\x00\\x00\\x00\\x08\\x00\\xB1d\\xE6\\\\\\xEE...', Array)
#6 /home/haru/Desktop/projects/prs/app/Pdf/BuildPaymentRequestFormPdf.php(48): App\\Services\\DocxTemplateProcessor->renderPaymentRequestForm(Object(App\\Models\\Document), Object(App\\Models\\PaymentRequestForm))
#7 /home/haru/Desktop/projects/prs/app/Listeners/SnapshotPaymentRequestFormFinalDocument.php(31): App\\Pdf\\BuildPaymentRequestFormPdf->build(Object(App\\Models\\PaymentRequestForm))
#8 /home/haru/Desktop/projects/prs/vendor/laravel/framework/src/Illuminate/Events/Dispatcher.php(518): App\\Listeners\\SnapshotPaymentRequestFormFinalDocument->handle(Object(App\\Events\\Workflow\\WorkflowCompleted))
#9 /home/haru/Desktop/projects/prs/vendor/laravel/framework/src/Illuminate/Events/Dispatcher.php(328): Illuminate\\Events\\Dispatcher->{closure:Illuminate\\Events\\Dispatcher::createClassListener():511}('App\\\\Events\\\\Work...', Array)
#10 /home/haru/Desktop/projects/prs/vendor/laravel/framework/src/Illuminate/Events/Dispatcher.php(308): Illuminate\\Events\\Dispatcher->invokeListeners('App\\\\Events\\\\Work...', Array, false)
#11 /home/haru/Desktop/projects/prs/vendor/laravel/framework/src/Illuminate/Foundation/helpers.php(505): Illuminate\\Events\\Dispatcher->dispatch(Object(App\\Events\\Workflow\\WorkflowCompleted))
#12 /home/haru/Desktop/projects/prs/vendor/laravel/framework/src/Illuminate/Foundation/Events/Dispatchable.php(15): event(Object(App\\Events\\Workflow\\WorkflowCompleted))
#13 /home/haru/Desktop/projects/prs/app/Services/Workflow/WorkflowEngine.php(428): App\\Events\\Workflow\\WorkflowCompleted::dispatch(Object(App\\Models\\WorkflowInstance))
#14 /home/haru/Desktop/projects/prs/app/Services/Workflow/WorkflowEngine.php(486): App\\Services\\Workflow\\WorkflowEngine->{closure:App\\Services\\Workflow\\WorkflowEngine::advance():428}()
#15 /home/haru/Desktop/projects/prs/app/Services/Workflow/WorkflowEngine.php(249): App\\Services\\Workflow\\WorkflowEngine->runAfterCommit(Array)
#16 /home/haru/Desktop/projects/prs/app/Services/Workflow/WorkflowManager.php(73): App\\Services\\Workflow\\WorkflowEngine->act(Object(App\\Models\\WorkflowInstance), Object(App\\Models\\PaymentRequestForm), Object(App\\Models\\User), App\\Enums\\WorkflowActionType::Approve, 'Approved by see...')
#17 /home/haru/Desktop/projects/prs/database/seeders/PaymentRequestFormSeeder.php(166): App\\Services\\Workflow\\WorkflowManager->act(Object(App\\Models\\PaymentRequestForm), Object(App\\Models\\User), App\\Enums\\WorkflowActionType::Approve, 'Approved by see...')
#18 /home/haru/Desktop/projects/prs/database/seeders/PaymentRequestFormSeeder.php(122): Database\\Seeders\\PaymentRequestFormSeeder->completeActiveStep(Object(App\\Models\\PaymentRequestForm))
#19 /home/haru/Desktop/projects/prs/database/seeders/PaymentRequestFormSeeder.php(247): Database\\Seeders\\PaymentRequestFormSeeder->approveSteps(Object(App\\Models\\PaymentRequestForm), 4)
#20 /home/haru/Desktop/projects/prs/database/seeders/PaymentRequestFormSeeder.php(64): Database\\Seeders\\PaymentRequestFormSeeder->seedScenario4_ApprovedRawMaterialsInvoice()
#21 /home/haru/Desktop/projects/prs/vendor/laravel/framework/src/Illuminate/Database/Concerns/ManagesTransactions.php(35): Database\\Seeders\\PaymentRequestFormSeeder->{closure:Database\\Seeders\\PaymentRequestFormSeeder::run():60}(Object(Illuminate\\Database\\SQLiteConnection))
#22 /home/haru/Desktop/projects/prs/vendor/laravel/framework/src/Illuminate/Database/DatabaseManager.php(493): Illuminate\\Database\\Connection->transaction(Object(Closure))
#23 /home/haru/Desktop/projects/prs/vendor/laravel/framework/src/Illuminate/Support/Facades/Facade.php(363): Illuminate\\Database\\DatabaseManager->__call('transaction', Array)
#24 /home/haru/Desktop/projects/prs/database/seeders/PaymentRequestFormSeeder.php(60): Illuminate\\Support\\Facades\\Facade::__callStatic('transaction', Array)
#25 /home/haru/Desktop/projects/prs/vendor/laravel/framework/src/Illuminate/Container/BoundMethod.php(36): Database\\Seeders\\PaymentRequestFormSeeder->run()
#26 /home/haru/Desktop/projects/prs/vendor/laravel/framework/src/Illuminate/Container/Util.php(43): Illuminate\\Container\\BoundMethod::{closure:Illuminate\\Container\\BoundMethod::call():35}()
#27 /home/haru/Desktop/projects/prs/vendor/laravel/framework/src/Illuminate/Container/BoundMethod.php(96): Illuminate\\Container\\Util::unwrapIfClosure(Object(Closure))
#28 /home/haru/Desktop/projects/prs/vendor/laravel/framework/src/Illuminate/Container/BoundMethod.php(35): Illuminate\\Container\\BoundMethod::callBoundMethod(Object(Illuminate\\Foundation\\Application), Array, Object(Closure))
#29 /home/haru/Desktop/projects/prs/vendor/laravel/framework/src/Illuminate/Container/Container.php(799): Illuminate\\Container\\BoundMethod::call(Object(Illuminate\\Foundation\\Application), Array, Array, NULL)
#30 /home/haru/Desktop/projects/prs/vendor/laravel/framework/src/Illuminate/Database/Seeder.php(184): Illuminate\\Container\\Container->call(Array, Array)
#31 /home/haru/Desktop/projects/prs/vendor/laravel/framework/src/Illuminate/Database/Seeder.php(193): Illuminate\\Database\\Seeder->{closure:Illuminate\\Database\\Seeder::__invoke():183}()
#32 /home/haru/Desktop/projects/prs/vendor/laravel/framework/src/Illuminate/Database/Seeder.php(59): Illuminate\\Database\\Seeder->__invoke(Array)
#33 /home/haru/Desktop/projects/prs/database/seeders/DatabaseSeeder.php(14): Illuminate\\Database\\Seeder->call('Database\\\\Seeder...')
#34 /home/haru/Desktop/projects/prs/vendor/laravel/framework/src/Illuminate/Container/BoundMethod.php(36): Database\\Seeders\\DatabaseSeeder->run()
#35 /home/haru/Desktop/projects/prs/vendor/laravel/framework/src/Illuminate/Container/Util.php(43): Illuminate\\Container\\BoundMethod::{closure:Illuminate\\Container\\BoundMethod::call():35}()
#36 /home/haru/Desktop/projects/prs/vendor/laravel/framework/src/Illuminate/Container/BoundMethod.php(96): Illuminate\\Container\\Util::unwrapIfClosure(Object(Closure))
#37 /home/haru/Desktop/projects/prs/vendor/laravel/framework/src/Illuminate/Container/BoundMethod.php(35): Illuminate\\Container\\BoundMethod::callBoundMethod(Object(Illuminate\\Foundation\\Application), Array, Object(Closure))
#38 /home/haru/Desktop/projects/prs/vendor/laravel/framework/src/Illuminate/Container/Container.php(799): Illuminate\\Container\\BoundMethod::call(Object(Illuminate\\Foundation\\Application), Array, Array, NULL)
#39 /home/haru/Desktop/projects/prs/vendor/laravel/framework/src/Illuminate/Database/Seeder.php(184): Illuminate\\Container\\Container->call(Array, Array)
#40 /home/haru/Desktop/projects/prs/vendor/laravel/framework/src/Illuminate/Database/Seeder.php(193): Illuminate\\Database\\Seeder->{closure:Illuminate\\Database\\Seeder::__invoke():183}()
#41 /home/haru/Desktop/projects/prs/vendor/laravel/framework/src/Illuminate/Database/Console/Seeds/SeedCommand.php(71): Illuminate\\Database\\Seeder->__invoke()
#42 /home/haru/Desktop/projects/prs/vendor/laravel/framework/src/Illuminate/Database/Eloquent/Concerns/GuardsAttributes.php(183): Illuminate\\Database\\Console\\Seeds\\SeedCommand->{closure:Illuminate\\Database\\Console\\Seeds\\SeedCommand::handle():70}()
#43 /home/haru/Desktop/projects/prs/vendor/laravel/framework/src/Illuminate/Database/Console/Seeds/SeedCommand.php(70): Illuminate\\Database\\Eloquent\\Model::unguarded(Object(Closure))
#44 /home/haru/Desktop/projects/prs/vendor/laravel/framework/src/Illuminate/Container/BoundMethod.php(36): Illuminate\\Database\\Console\\Seeds\\SeedCommand->handle()
#45 /home/haru/Desktop/projects/prs/vendor/laravel/framework/src/Illuminate/Container/Util.php(43): Illuminate\\Container\\BoundMethod::{closure:Illuminate\\Container\\BoundMethod::call():35}()
#46 /home/haru/Desktop/projects/prs/vendor/laravel/framework/src/Illuminate/Container/BoundMethod.php(96): Illuminate\\Container\\Util::unwrapIfClosure(Object(Closure))
#47 /home/haru/Desktop/projects/prs/vendor/laravel/framework/src/Illuminate/Container/BoundMethod.php(35): Illuminate\\Container\\BoundMethod::callBoundMethod(Object(Illuminate\\Foundation\\Application), Array, Object(Closure))
#48 /home/haru/Desktop/projects/prs/vendor/laravel/framework/src/Illuminate/Container/Container.php(799): Illuminate\\Container\\BoundMethod::call(Object(Illuminate\\Foundation\\Application), Array, Array, NULL)
#49 /home/haru/Desktop/projects/prs/vendor/laravel/framework/src/Illuminate/Console/Command.php(273): Illuminate\\Container\\Container->call(Array)
#50 /home/haru/Desktop/projects/prs/vendor/symfony/console/Command/Command.php(291): Illuminate\\Console\\Command->execute(Object(Symfony\\Component\\Console\\Input\\ArrayInput), Object(Illuminate\\Console\\OutputStyle))
#51 /home/haru/Desktop/projects/prs/vendor/laravel/framework/src/Illuminate/Console/Command.php(242): Symfony\\Component\\Console\\Command\\Command->run(Object(Symfony\\Component\\Console\\Input\\ArrayInput), Object(Illuminate\\Console\\OutputStyle))
#52 /home/haru/Desktop/projects/prs/vendor/laravel/framework/src/Illuminate/Console/Concerns/CallsCommands.php(68): Illuminate\\Console\\Command->run(Object(Symfony\\Component\\Console\\Input\\ArrayInput), Object(Illuminate\\Console\\OutputStyle))
#53 /home/haru/Desktop/projects/prs/vendor/laravel/framework/src/Illuminate/Console/Concerns/CallsCommands.php(29): Illuminate\\Console\\Command->runCommand('db:seed', Array, Object(Illuminate\\Console\\OutputStyle))
#54 /home/haru/Desktop/projects/prs/vendor/laravel/framework/src/Illuminate/Database/Console/Migrations/MigrateCommand.php(127): Illuminate\\Console\\Command->call('db:seed', Array)
#55 /home/haru/Desktop/projects/prs/vendor/laravel/framework/src/Illuminate/Database/Migrations/Migrator.php(671): Illuminate\\Database\\Console\\Migrations\\MigrateCommand->{closure:Illuminate\\Database\\Console\\Migrations\\MigrateCommand::runMigrations():111}()
#56 /home/haru/Desktop/projects/prs/vendor/laravel/framework/src/Illuminate/Database/Console/Migrations/MigrateCommand.php(111): Illuminate\\Database\\Migrations\\Migrator->usingConnection(NULL, Object(Closure))
#57 /home/haru/Desktop/projects/prs/vendor/laravel/framework/src/Illuminate/Database/Console/Migrations/MigrateCommand.php(90): Illuminate\\Database\\Console\\Migrations\\MigrateCommand->runMigrations()
#58 /home/haru/Desktop/projects/prs/vendor/laravel/framework/src/Illuminate/Container/BoundMethod.php(36): Illuminate\\Database\\Console\\Migrations\\MigrateCommand->handle()
#59 /home/haru/Desktop/projects/prs/vendor/laravel/framework/src/Illuminate/Container/Util.php(43): Illuminate\\Container\\BoundMethod::{closure:Illuminate\\Container\\BoundMethod::call():35}()
#60 /home/haru/Desktop/projects/prs/vendor/laravel/framework/src/Illuminate/Container/BoundMethod.php(96): Illuminate\\Container\\Util::unwrapIfClosure(Object(Closure))
#61 /home/haru/Desktop/projects/prs/vendor/laravel/framework/src/Illuminate/Container/BoundMethod.php(35): Illuminate\\Container\\BoundMethod::callBoundMethod(Object(Illuminate\\Foundation\\Application), Array, Object(Closure))
#62 /home/haru/Desktop/projects/prs/vendor/laravel/framework/src/Illuminate/Container/Container.php(799): Illuminate\\Container\\BoundMethod::call(Object(Illuminate\\Foundation\\Application), Array, Array, NULL)
#63 /home/haru/Desktop/projects/prs/vendor/laravel/framework/src/Illuminate/Console/Command.php(273): Illuminate\\Container\\Container->call(Array)
#64 /home/haru/Desktop/projects/prs/vendor/symfony/console/Command/Command.php(291): Illuminate\\Console\\Command->execute(Object(Symfony\\Component\\Console\\Input\\ArgvInput), Object(Illuminate\\Console\\OutputStyle))
#65 /home/haru/Desktop/projects/prs/vendor/laravel/framework/src/Illuminate/Console/Command.php(242): Symfony\\Component\\Console\\Command\\Command->run(Object(Symfony\\Component\\Console\\Input\\ArgvInput), Object(Illuminate\\Console\\OutputStyle))
#66 /home/haru/Desktop/projects/prs/vendor/symfony/console/Application.php(1107): Illuminate\\Console\\Command->run(Object(Symfony\\Component\\Console\\Input\\ArgvInput), Object(Symfony\\Component\\Console\\Output\\ConsoleOutput))
#67 /home/haru/Desktop/projects/prs/vendor/symfony/console/Application.php(356): Symfony\\Component\\Console\\Application->doRunCommand(Object(Illuminate\\Database\\Console\\Migrations\\MigrateCommand), Object(Symfony\\Component\\Console\\Input\\ArgvInput), Object(Symfony\\Component\\Console\\Output\\ConsoleOutput))
#68 /home/haru/Desktop/projects/prs/vendor/symfony/console/Application.php(195): Symfony\\Component\\Console\\Application->doRun(Object(Symfony\\Component\\Console\\Input\\ArgvInput), Object(Symfony\\Component\\Console\\Output\\ConsoleOutput))
#69 /home/haru/Desktop/projects/prs/vendor/laravel/framework/src/Illuminate/Foundation/Console/Kernel.php(198): Symfony\\Component\\Console\\Application->run(Object(Symfony\\Component\\Console\\Input\\ArgvInput), Object(Symfony\\Component\\Console\\Output\\ConsoleOutput))
#70 /home/haru/Desktop/projects/prs/vendor/laravel/framework/src/Illuminate/Foundation/Application.php(1235): Illuminate\\Foundation\\Console\\Kernel->handle(Object(Symfony\\Component\\Console\\Input\\ArgvInput), Object(Symfony\\Component\\Console\\Output\\ConsoleOutput))
#71 /home/haru/Desktop/projects/prs/artisan(16): Illuminate\\Foundation\\Application->handleCommand(Object(Symfony\\Component\\Console\\Input\\ArgvInput))
#72 {main}

[previous exception] [object] (GuzzleHttp\\Exception\\ConnectException(code: 0): cURL error 6: Could not resolve host: carbone (see https://curl.haxx.se/libcurl/c/libcurl-errors.html) for http://carbone:4000/render/template?download=true at /home/haru/Desktop/projects/prs/vendor/guzzlehttp/guzzle/src/Handler/CurlFactory.php:277)
[stacktrace]
#0 /home/haru/Desktop/projects/prs/vendor/guzzlehttp/guzzle/src/Handler/CurlFactory.php(207): GuzzleHttp\\Handler\\CurlFactory::createRejection(Object(GuzzleHttp\\Handler\\EasyHandle), Array)
#1 /home/haru/Desktop/projects/prs/vendor/guzzlehttp/guzzle/src/Handler/CurlFactory.php(159): GuzzleHttp\\Handler\\CurlFactory::finishError(Object(GuzzleHttp\\Handler\\CurlHandler), Object(GuzzleHttp\\Handler\\EasyHandle), Object(GuzzleHttp\\Handler\\CurlFactory))
#2 /home/haru/Desktop/projects/prs/vendor/guzzlehttp/guzzle/src/Handler/CurlHandler.php(47): GuzzleHttp\\Handler\\CurlFactory::finish(Object(GuzzleHttp\\Handler\\CurlHandler), Object(GuzzleHttp\\Handler\\EasyHandle), Object(GuzzleHttp\\Handler\\CurlFactory))
#3 /home/haru/Desktop/projects/prs/vendor/guzzlehttp/guzzle/src/Handler/Proxy.php(28): GuzzleHttp\\Handler\\CurlHandler->__invoke(Object(GuzzleHttp\\Psr7\\Request), Array)
#4 /home/haru/Desktop/projects/prs/vendor/guzzlehttp/guzzle/src/Handler/Proxy.php(48): GuzzleHttp\\Handler\\Proxy::{closure:GuzzleHttp\\Handler\\Proxy::wrapSync():27}(Object(GuzzleHttp\\Psr7\\Request), Array)
#5 /home/haru/Desktop/projects/prs/vendor/laravel/framework/src/Illuminate/Http/Client/PendingRequest.php(1523): GuzzleHttp\\Handler\\Proxy::{closure:GuzzleHttp\\Handler\\Proxy::wrapStreaming():47}(Object(GuzzleHttp\\Psr7\\Request), Array)
#6 /home/haru/Desktop/projects/prs/vendor/laravel/framework/src/Illuminate/Http/Client/PendingRequest.php(1480): Illuminate\\Http\\Client\\PendingRequest->{closure:{closure:Illuminate\\Http\\Client\\PendingRequest::buildStubHandler():1505}:1506}(Object(GuzzleHttp\\Psr7\\Request), Array)
#7 /home/haru/Desktop/projects/prs/vendor/laravel/framework/src/Illuminate/Http/Client/PendingRequest.php(1466): Illuminate\\Http\\Client\\PendingRequest->{closure:{closure:Illuminate\\Http\\Client\\PendingRequest::buildRecorderHandler():1478}:1479}(Object(GuzzleHttp\\Psr7\\Request), Array)
#8 /home/haru/Desktop/projects/prs/vendor/guzzlehttp/guzzle/src/PrepareBodyMiddleware.php(64): Illuminate\\Http\\Client\\PendingRequest->{closure:{closure:Illuminate\\Http\\Client\\PendingRequest::buildBeforeSendingHandler():1464}:1465}(Object(GuzzleHttp\\Psr7\\Request), Array)
#9 /home/haru/Desktop/projects/prs/vendor/guzzlehttp/guzzle/src/Middleware.php(38): GuzzleHttp\\PrepareBodyMiddleware->__invoke(Object(GuzzleHttp\\Psr7\\Request), Array)
#10 /home/haru/Desktop/projects/prs/vendor/guzzlehttp/guzzle/src/RedirectMiddleware.php(71): GuzzleHttp\\Middleware::{closure:{closure:GuzzleHttp\\Middleware::cookies():28}:29}(Object(GuzzleHttp\\Psr7\\Request), Array)
#11 /home/haru/Desktop/projects/prs/vendor/guzzlehttp/guzzle/src/Middleware.php(63): GuzzleHttp\\RedirectMiddleware->__invoke(Object(GuzzleHttp\\Psr7\\Request), Array)
#12 /home/haru/Desktop/projects/prs/vendor/guzzlehttp/guzzle/src/HandlerStack.php(75): GuzzleHttp\\Middleware::{closure:{closure:GuzzleHttp\\Middleware::httpErrors():60}:61}(Object(GuzzleHttp\\Psr7\\Request), Array)
#13 /home/haru/Desktop/projects/prs/vendor/guzzlehttp/guzzle/src/Client.php(333): GuzzleHttp\\HandlerStack->__invoke(Object(GuzzleHttp\\Psr7\\Request), Array)
#14 /home/haru/Desktop/projects/prs/vendor/guzzlehttp/guzzle/src/Client.php(169): GuzzleHttp\\Client->transfer(Object(GuzzleHttp\\Psr7\\Request), Array)
#15 /home/haru/Desktop/projects/prs/vendor/guzzlehttp/guzzle/src/Client.php(189): GuzzleHttp\\Client->requestAsync('POST', Object(GuzzleHttp\\Psr7\\Uri), Array)
#16 /home/haru/Desktop/projects/prs/vendor/laravel/framework/src/Illuminate/Http/Client/PendingRequest.php(1306): GuzzleHttp\\Client->request('POST', 'http://carbone:...', Array)
#17 /home/haru/Desktop/projects/prs/vendor/laravel/framework/src/Illuminate/Http/Client/PendingRequest.php(1043): Illuminate\\Http\\Client\\PendingRequest->sendRequest('POST', 'http://carbone:...', Array)
#18 /home/haru/Desktop/projects/prs/vendor/laravel/framework/src/Illuminate/Support/helpers.php(328): Illuminate\\Http\\Client\\PendingRequest->{closure:Illuminate\\Http\\Client\\PendingRequest::send():1041}(1)
#19 /home/haru/Desktop/projects/prs/vendor/laravel/framework/src/Illuminate/Http/Client/PendingRequest.php(1041): retry(0, Object(Closure), 100, Object(Closure))
#20 /home/haru/Desktop/projects/prs/vendor/laravel/framework/src/Illuminate/Http/Client/PendingRequest.php(885): Illuminate\\Http\\Client\\PendingRequest->send('POST', 'http://carbone:...', Array)
#21 /home/haru/Desktop/projects/prs/app/Services/CarboneClient.php(19): Illuminate\\Http\\Client\\PendingRequest->post('/render/templat...', Array)
#22 /home/haru/Desktop/projects/prs/app/Services/DocxTemplateProcessor.php(72): App\\Services\\CarboneClient->render('PK\\x03\\x04\\x14\\x00\\x00\\x00\\x08\\x00\\xB1d\\xE6\\\\\\xEE...', Array)
#23 /home/haru/Desktop/projects/prs/app/Pdf/BuildPaymentRequestFormPdf.php(48): App\\Services\\DocxTemplateProcessor->renderPaymentRequestForm(Object(App\\Models\\Document), Object(App\\Models\\PaymentRequestForm))
#24 /home/haru/Desktop/projects/prs/app/Listeners/SnapshotPaymentRequestFormFinalDocument.php(31): App\\Pdf\\BuildPaymentRequestFormPdf->build(Object(App\\Models\\PaymentRequestForm))
#25 /home/haru/Desktop/projects/prs/vendor/laravel/framework/src/Illuminate/Events/Dispatcher.php(518): App\\Listeners\\SnapshotPaymentRequestFormFinalDocument->handle(Object(App\\Events\\Workflow\\WorkflowCompleted))
#26 /home/haru/Desktop/projects/prs/vendor/laravel/framework/src/Illuminate/Events/Dispatcher.php(328): Illuminate\\Events\\Dispatcher->{closure:Illuminate\\Events\\Dispatcher::createClassListener():511}('App\\\\Events\\\\Work...', Array)
#27 /home/haru/Desktop/projects/prs/vendor/laravel/framework/src/Illuminate/Events/Dispatcher.php(308): Illuminate\\Events\\Dispatcher->invokeListeners('App\\\\Events\\\\Work...', Array, false)
#28 /home/haru/Desktop/projects/prs/vendor/laravel/framework/src/Illuminate/Foundation/helpers.php(505): Illuminate\\Events\\Dispatcher->dispatch(Object(App\\Events\\Workflow\\WorkflowCompleted))
#29 /home/haru/Desktop/projects/prs/vendor/laravel/framework/src/Illuminate/Foundation/Events/Dispatchable.php(15): event(Object(App\\Events\\Workflow\\WorkflowCompleted))
#30 /home/haru/Desktop/projects/prs/app/Services/Workflow/WorkflowEngine.php(428): App\\Events\\Workflow\\WorkflowCompleted::dispatch(Object(App\\Models\\WorkflowInstance))
#31 /home/haru/Desktop/projects/prs/app/Services/Workflow/WorkflowEngine.php(486): App\\Services\\Workflow\\WorkflowEngine->{closure:App\\Services\\Workflow\\WorkflowEngine::advance():428}()
#32 /home/haru/Desktop/projects/prs/app/Services/Workflow/WorkflowEngine.php(249): App\\Services\\Workflow\\WorkflowEngine->runAfterCommit(Array)
#33 /home/haru/Desktop/projects/prs/app/Services/Workflow/WorkflowManager.php(73): App\\Services\\Workflow\\WorkflowEngine->act(Object(App\\Models\\WorkflowInstance), Object(App\\Models\\PaymentRequestForm), Object(App\\Models\\User), App\\Enums\\WorkflowActionType::Approve, 'Approved by see...')
#34 /home/haru/Desktop/projects/prs/database/seeders/PaymentRequestFormSeeder.php(166): App\\Services\\Workflow\\WorkflowManager->act(Object(App\\Models\\PaymentRequestForm), Object(App\\Models\\User), App\\Enums\\WorkflowActionType::Approve, 'Approved by see...')
#35 /home/haru/Desktop/projects/prs/database/seeders/PaymentRequestFormSeeder.php(122): Database\\Seeders\\PaymentRequestFormSeeder->completeActiveStep(Object(App\\Models\\PaymentRequestForm))
#36 /home/haru/Desktop/projects/prs/database/seeders/PaymentRequestFormSeeder.php(247): Database\\Seeders\\PaymentRequestFormSeeder->approveSteps(Object(App\\Models\\PaymentRequestForm), 4)
#37 /home/haru/Desktop/projects/prs/database/seeders/PaymentRequestFormSeeder.php(64): Database\\Seeders\\PaymentRequestFormSeeder->seedScenario4_ApprovedRawMaterialsInvoice()
#38 /home/haru/Desktop/projects/prs/vendor/laravel/framework/src/Illuminate/Database/Concerns/ManagesTransactions.php(35): Database\\Seeders\\PaymentRequestFormSeeder->{closure:Database\\Seeders\\PaymentRequestFormSeeder::run():60}(Object(Illuminate\\Database\\SQLiteConnection))
#39 /home/haru/Desktop/projects/prs/vendor/laravel/framework/src/Illuminate/Database/DatabaseManager.php(493): Illuminate\\Database\\Connection->transaction(Object(Closure))
#40 /home/haru/Desktop/projects/prs/vendor/laravel/framework/src/Illuminate/Support/Facades/Facade.php(363): Illuminate\\Database\\DatabaseManager->__call('transaction', Array)
#41 /home/haru/Desktop/projects/prs/database/seeders/PaymentRequestFormSeeder.php(60): Illuminate\\Support\\Facades\\Facade::__callStatic('transaction', Array)
#42 /home/haru/Desktop/projects/prs/vendor/laravel/framework/src/Illuminate/Container/BoundMethod.php(36): Database\\Seeders\\PaymentRequestFormSeeder->run()
#43 /home/haru/Desktop/projects/prs/vendor/laravel/framework/src/Illuminate/Container/Util.php(43): Illuminate\\Container\\BoundMethod::{closure:Illuminate\\Container\\BoundMethod::call():35}()
#44 /home/haru/Desktop/projects/prs/vendor/laravel/framework/src/Illuminate/Container/BoundMethod.php(96): Illuminate\\Container\\Util::unwrapIfClosure(Object(Closure))
#45 /home/haru/Desktop/projects/prs/vendor/laravel/framework/src/Illuminate/Container/BoundMethod.php(35): Illuminate\\Container\\BoundMethod::callBoundMethod(Object(Illuminate\\Foundation\\Application), Array, Object(Closure))
#46 /home/haru/Desktop/projects/prs/vendor/laravel/framework/src/Illuminate/Container/Container.php(799): Illuminate\\Container\\BoundMethod::call(Object(Illuminate\\Foundation\\Application), Array, Array, NULL)
#47 /home/haru/Desktop/projects/prs/vendor/laravel/framework/src/Illuminate/Database/Seeder.php(184): Illuminate\\Container\\Container->call(Array, Array)
#48 /home/haru/Desktop/projects/prs/vendor/laravel/framework/src/Illuminate/Database/Seeder.php(193): Illuminate\\Database\\Seeder->{closure:Illuminate\\Database\\Seeder::__invoke():183}()
#49 /home/haru/Desktop/projects/prs/vendor/laravel/framework/src/Illuminate/Database/Seeder.php(59): Illuminate\\Database\\Seeder->__invoke(Array)
#50 /home/haru/Desktop/projects/prs/database/seeders/DatabaseSeeder.php(14): Illuminate\\Database\\Seeder->call('Database\\\\Seeder...')
#51 /home/haru/Desktop/projects/prs/vendor/laravel/framework/src/Illuminate/Container/BoundMethod.php(36): Database\\Seeders\\DatabaseSeeder->run()
#52 /home/haru/Desktop/projects/prs/vendor/laravel/framework/src/Illuminate/Container/Util.php(43): Illuminate\\Container\\BoundMethod::{closure:Illuminate\\Container\\BoundMethod::call():35}()
#53 /home/haru/Desktop/projects/prs/vendor/laravel/framework/src/Illuminate/Container/BoundMethod.php(96): Illuminate\\Container\\Util::unwrapIfClosure(Object(Closure))
#54 /home/haru/Desktop/projects/prs/vendor/laravel/framework/src/Illuminate/Container/BoundMethod.php(35): Illuminate\\Container\\BoundMethod::callBoundMethod(Object(Illuminate\\Foundation\\Application), Array, Object(Closure))
#55 /home/haru/Desktop/projects/prs/vendor/laravel/framework/src/Illuminate/Container/Container.php(799): Illuminate\\Container\\BoundMethod::call(Object(Illuminate\\Foundation\\Application), Array, Array, NULL)
#56 /home/haru/Desktop/projects/prs/vendor/laravel/framework/src/Illuminate/Database/Seeder.php(184): Illuminate\\Container\\Container->call(Array, Array)
#57 /home/haru/Desktop/projects/prs/vendor/laravel/framework/src/Illuminate/Database/Seeder.php(193): Illuminate\\Database\\Seeder->{closure:Illuminate\\Database\\Seeder::__invoke():183}()
#58 /home/haru/Desktop/projects/prs/vendor/laravel/framework/src/Illuminate/Database/Console/Seeds/SeedCommand.php(71): Illuminate\\Database\\Seeder->__invoke()
#59 /home/haru/Desktop/projects/prs/vendor/laravel/framework/src/Illuminate/Database/Eloquent/Concerns/GuardsAttributes.php(183): Illuminate\\Database\\Console\\Seeds\\SeedCommand->{closure:Illuminate\\Database\\Console\\Seeds\\SeedCommand::handle():70}()
#60 /home/haru/Desktop/projects/prs/vendor/laravel/framework/src/Illuminate/Database/Console/Seeds/SeedCommand.php(70): Illuminate\\Database\\Eloquent\\Model::unguarded(Object(Closure))
#61 /home/haru/Desktop/projects/prs/vendor/laravel/framework/src/Illuminate/Container/BoundMethod.php(36): Illuminate\\Database\\Console\\Seeds\\SeedCommand->handle()
#62 /home/haru/Desktop/projects/prs/vendor/laravel/framework/src/Illuminate/Container/Util.php(43): Illuminate\\Container\\BoundMethod::{closure:Illuminate\\Container\\BoundMethod::call():35}()
#63 /home/haru/Desktop/projects/prs/vendor/laravel/framework/src/Illuminate/Container/BoundMethod.php(96): Illuminate\\Container\\Util::unwrapIfClosure(Object(Closure))
#64 /home/haru/Desktop/projects/prs/vendor/laravel/framework/src/Illuminate/Container/BoundMethod.php(35): Illuminate\\Container\\BoundMethod::callBoundMethod(Object(Illuminate\\Foundation\\Application), Array, Object(Closure))
#65 /home/haru/Desktop/projects/prs/vendor/laravel/framework/src/Illuminate/Container/Container.php(799): Illuminate\\Container\\BoundMethod::call(Object(Illuminate\\Foundation\\Application), Array, Array, NULL)
#66 /home/haru/Desktop/projects/prs/vendor/laravel/framework/src/Illuminate/Console/Command.php(273): Illuminate\\Container\\Container->call(Array)
#67 /home/haru/Desktop/projects/prs/vendor/symfony/console/Command/Command.php(291): Illuminate\\Console\\Command->execute(Object(Symfony\\Component\\Console\\Input\\ArrayInput), Object(Illuminate\\Console\\OutputStyle))
#68 /home/haru/Desktop/projects/prs/vendor/laravel/framework/src/Illuminate/Console/Command.php(242): Symfony\\Component\\Console\\Command\\Command->run(Object(Symfony\\Component\\Console\\Input\\ArrayInput), Object(Illuminate\\Console\\OutputStyle))
#69 /home/haru/Desktop/projects/prs/vendor/laravel/framework/src/Illuminate/Console/Concerns/CallsCommands.php(68): Illuminate\\Console\\Command->run(Object(Symfony\\Component\\Console\\Input\\ArrayInput), Object(Illuminate\\Console\\OutputStyle))
#70 /home/haru/Desktop/projects/prs/vendor/laravel/framework/src/Illuminate/Console/Concerns/CallsCommands.php(29): Illuminate\\Console\\Command->runCommand('db:seed', Array, Object(Illuminate\\Console\\OutputStyle))
#71 /home/haru/Desktop/projects/prs/vendor/laravel/framework/src/Illuminate/Database/Console/Migrations/MigrateCommand.php(127): Illuminate\\Console\\Command->call('db:seed', Array)
#72 /home/haru/Desktop/projects/prs/vendor/laravel/framework/src/Illuminate/Database/Migrations/Migrator.php(671): Illuminate\\Database\\Console\\Migrations\\MigrateCommand->{closure:Illuminate\\Database\\Console\\Migrations\\MigrateCommand::runMigrations():111}()
#73 /home/haru/Desktop/projects/prs/vendor/laravel/framework/src/Illuminate/Database/Console/Migrations/MigrateCommand.php(111): Illuminate\\Database\\Migrations\\Migrator->usingConnection(NULL, Object(Closure))
#74 /home/haru/Desktop/projects/prs/vendor/laravel/framework/src/Illuminate/Database/Console/Migrations/MigrateCommand.php(90): Illuminate\\Database\\Console\\Migrations\\MigrateCommand->runMigrations()
#75 /home/haru/Desktop/projects/prs/vendor/laravel/framework/src/Illuminate/Container/BoundMethod.php(36): Illuminate\\Database\\Console\\Migrations\\MigrateCommand->handle()
#76 /home/haru/Desktop/projects/prs/vendor/laravel/framework/src/Illuminate/Container/Util.php(43): Illuminate\\Container\\BoundMethod::{closure:Illuminate\\Container\\BoundMethod::call():35}()
#77 /home/haru/Desktop/projects/prs/vendor/laravel/framework/src/Illuminate/Container/BoundMethod.php(96): Illuminate\\Container\\Util::unwrapIfClosure(Object(Closure))
#78 /home/haru/Desktop/projects/prs/vendor/laravel/framework/src/Illuminate/Container/BoundMethod.php(35): Illuminate\\Container\\BoundMethod::callBoundMethod(Object(Illuminate\\Foundation\\Application), Array, Object(Closure))
#79 /home/haru/Desktop/projects/prs/vendor/laravel/framework/src/Illuminate/Container/Container.php(799): Illuminate\\Container\\BoundMethod::call(Object(Illuminate\\Foundation\\Application), Array, Array, NULL)
#80 /home/haru/Desktop/projects/prs/vendor/laravel/framework/src/Illuminate/Console/Command.php(273): Illuminate\\Container\\Container->call(Array)
#81 /home/haru/Desktop/projects/prs/vendor/symfony/console/Command/Command.php(291): Illuminate\\Console\\Command->execute(Object(Symfony\\Component\\Console\\Input\\ArgvInput), Object(Illuminate\\Console\\OutputStyle))
#82 /home/haru/Desktop/projects/prs/vendor/laravel/framework/src/Illuminate/Console/Command.php(242): Symfony\\Component\\Console\\Command\\Command->run(Object(Symfony\\Component\\Console\\Input\\ArgvInput), Object(Illuminate\\Console\\OutputStyle))
#83 /home/haru/Desktop/projects/prs/vendor/symfony/console/Application.php(1107): Illuminate\\Console\\Command->run(Object(Symfony\\Component\\Console\\Input\\ArgvInput), Object(Symfony\\Component\\Console\\Output\\ConsoleOutput))
#84 /home/haru/Desktop/projects/prs/vendor/symfony/console/Application.php(356): Symfony\\Component\\Console\\Application->doRunCommand(Object(Illuminate\\Database\\Console\\Migrations\\MigrateCommand), Object(Symfony\\Component\\Console\\Input\\ArgvInput), Object(Symfony\\Component\\Console\\Output\\ConsoleOutput))
#85 /home/haru/Desktop/projects/prs/vendor/symfony/console/Application.php(195): Symfony\\Component\\Console\\Application->doRun(Object(Symfony\\Component\\Console\\Input\\ArgvInput), Object(Symfony\\Component\\Console\\Output\\ConsoleOutput))
#86 /home/haru/Desktop/projects/prs/vendor/laravel/framework/src/Illuminate/Foundation/Console/Kernel.php(198): Symfony\\Component\\Console\\Application->run(Object(Symfony\\Component\\Console\\Input\\ArgvInput), Object(Symfony\\Component\\Console\\Output\\ConsoleOutput))
#87 /home/haru/Desktop/projects/prs/vendor/laravel/framework/src/Illuminate/Foundation/Application.php(1235): Illuminate\\Foundation\\Console\\Kernel->handle(Object(Symfony\\Component\\Console\\Input\\ArgvInput), Object(Symfony\\Component\\Console\\Output\\ConsoleOutput))
#88 /home/haru/Desktop/projects/prs/artisan(16): Illuminate\\Foundation\\Application->handleCommand(Object(Symfony\\Component\\Console\\Input\\ArgvInput))
#89 {main}
"} 
[2026-07-13 04:43:25] local.ERROR: cURL error 6: Could not resolve host: carbone (see https://curl.haxx.se/libcurl/c/libcurl-errors.html) for http://carbone:4000/render/template?download=true {"exception":"[object] (Illuminate\\Http\\Client\\ConnectionException(code: 0): cURL error 6: Could not resolve host: carbone (see https://curl.haxx.se/libcurl/c/libcurl-errors.html) for http://carbone:4000/render/template?download=true at /home/haru/Desktop/projects/prs/vendor/laravel/framework/src/Illuminate/Http/Client/PendingRequest.php:1805)
[stacktrace]
#0 /home/haru/Desktop/projects/prs/vendor/laravel/framework/src/Illuminate/Http/Client/PendingRequest.php(1081): Illuminate\\Http\\Client\\PendingRequest->marshalConnectionException(Object(GuzzleHttp\\Exception\\ConnectException))
#1 /home/haru/Desktop/projects/prs/vendor/laravel/framework/src/Illuminate/Support/helpers.php(328): Illuminate\\Http\\Client\\PendingRequest->{closure:Illuminate\\Http\\Client\\PendingRequest::send():1041}(1)
#2 /home/haru/Desktop/projects/prs/vendor/laravel/framework/src/Illuminate/Http/Client/PendingRequest.php(1041): retry(0, Object(Closure), 100, Object(Closure))
#3 /home/haru/Desktop/projects/prs/vendor/laravel/framework/src/Illuminate/Http/Client/PendingRequest.php(885): Illuminate\\Http\\Client\\PendingRequest->send('POST', 'http://carbone:...', Array)
#4 /home/haru/Desktop/projects/prs/app/Services/CarboneClient.php(19): Illuminate\\Http\\Client\\PendingRequest->post('/render/templat...', Array)
#5 /home/haru/Desktop/projects/prs/app/Services/DocxTemplateProcessor.php(72): App\\Services\\CarboneClient->render('PK\\x03\\x04\\x14\\x00\\x00\\x00\\x08\\x00\\xB1d\\xE6\\\\\\xEE...', Array)
#6 /home/haru/Desktop/projects/prs/app/Pdf/BuildPaymentRequestFormPdf.php(48): App\\Services\\DocxTemplateProcessor->renderPaymentRequestForm(Object(App\\Models\\Document), Object(App\\Models\\PaymentRequestForm))
#7 /home/haru/Desktop/projects/prs/app/Listeners/SnapshotPaymentRequestFormFinalDocument.php(31): App\\Pdf\\BuildPaymentRequestFormPdf->build(Object(App\\Models\\PaymentRequestForm))
#8 /home/haru/Desktop/projects/prs/vendor/laravel/framework/src/Illuminate/Events/Dispatcher.php(518): App\\Listeners\\SnapshotPaymentRequestFormFinalDocument->handle(Object(App\\Events\\Workflow\\WorkflowCompleted))
#9 /home/haru/Desktop/projects/prs/vendor/laravel/framework/src/Illuminate/Events/Dispatcher.php(328): Illuminate\\Events\\Dispatcher->{closure:Illuminate\\Events\\Dispatcher::createClassListener():511}('App\\\\Events\\\\Work...', Array)
#10 /home/haru/Desktop/projects/prs/vendor/laravel/framework/src/Illuminate/Events/Dispatcher.php(308): Illuminate\\Events\\Dispatcher->invokeListeners('App\\\\Events\\\\Work...', Array, false)
#11 /home/haru/Desktop/projects/prs/vendor/laravel/framework/src/Illuminate/Foundation/helpers.php(505): Illuminate\\Events\\Dispatcher->dispatch(Object(App\\Events\\Workflow\\WorkflowCompleted))
#12 /home/haru/Desktop/projects/prs/vendor/laravel/framework/src/Illuminate/Foundation/Events/Dispatchable.php(15): event(Object(App\\Events\\Workflow\\WorkflowCompleted))
#13 /home/haru/Desktop/projects/prs/app/Services/Workflow/WorkflowEngine.php(428): App\\Events\\Workflow\\WorkflowCompleted::dispatch(Object(App\\Models\\WorkflowInstance))
#14 /home/haru/Desktop/projects/prs/app/Services/Workflow/WorkflowEngine.php(486): App\\Services\\Workflow\\WorkflowEngine->{closure:App\\Services\\Workflow\\WorkflowEngine::advance():428}()
#15 /home/haru/Desktop/projects/prs/app/Services/Workflow/WorkflowEngine.php(249): App\\Services\\Workflow\\WorkflowEngine->runAfterCommit(Array)
#16 /home/haru/Desktop/projects/prs/app/Services/Workflow/WorkflowManager.php(73): App\\Services\\Workflow\\WorkflowEngine->act(Object(App\\Models\\WorkflowInstance), Object(App\\Models\\PaymentRequestForm), Object(App\\Models\\User), App\\Enums\\WorkflowActionType::Approve, 'Approved by see...')
#17 /home/haru/Desktop/projects/prs/database/seeders/PaymentRequestFormSeeder.php(166): App\\Services\\Workflow\\WorkflowManager->act(Object(App\\Models\\PaymentRequestForm), Object(App\\Models\\User), App\\Enums\\WorkflowActionType::Approve, 'Approved by see...')
#18 /home/haru/Desktop/projects/prs/database/seeders/PaymentRequestFormSeeder.php(122): Database\\Seeders\\PaymentRequestFormSeeder->completeActiveStep(Object(App\\Models\\PaymentRequestForm))
#19 /home/haru/Desktop/projects/prs/database/seeders/PaymentRequestFormSeeder.php(261): Database\\Seeders\\PaymentRequestFormSeeder->approveSteps(Object(App\\Models\\PaymentRequestForm), 4)
#20 /home/haru/Desktop/projects/prs/database/seeders/PaymentRequestFormSeeder.php(65): Database\\Seeders\\PaymentRequestFormSeeder->seedScenario5_ApprovedRecurringChemicalSupply()
#21 /home/haru/Desktop/projects/prs/vendor/laravel/framework/src/Illuminate/Database/Concerns/ManagesTransactions.php(35): Database\\Seeders\\PaymentRequestFormSeeder->{closure:Database\\Seeders\\PaymentRequestFormSeeder::run():60}(Object(Illuminate\\Database\\SQLiteConnection))
#22 /home/haru/Desktop/projects/prs/vendor/laravel/framework/src/Illuminate/Database/DatabaseManager.php(493): Illuminate\\Database\\Connection->transaction(Object(Closure))
#23 /home/haru/Desktop/projects/prs/vendor/laravel/framework/src/Illuminate/Support/Facades/Facade.php(363): Illuminate\\Database\\DatabaseManager->__call('transaction', Array)
#24 /home/haru/Desktop/projects/prs/database/seeders/PaymentRequestFormSeeder.php(60): Illuminate\\Support\\Facades\\Facade::__callStatic('transaction', Array)
#25 /home/haru/Desktop/projects/prs/vendor/laravel/framework/src/Illuminate/Container/BoundMethod.php(36): Database\\Seeders\\PaymentRequestFormSeeder->run()
#26 /home/haru/Desktop/projects/prs/vendor/laravel/framework/src/Illuminate/Container/Util.php(43): Illuminate\\Container\\BoundMethod::{closure:Illuminate\\Container\\BoundMethod::call():35}()
#27 /home/haru/Desktop/projects/prs/vendor/laravel/framework/src/Illuminate/Container/BoundMethod.php(96): Illuminate\\Container\\Util::unwrapIfClosure(Object(Closure))
#28 /home/haru/Desktop/projects/prs/vendor/laravel/framework/src/Illuminate/Container/BoundMethod.php(35): Illuminate\\Container\\BoundMethod::callBoundMethod(Object(Illuminate\\Foundation\\Application), Array, Object(Closure))
#29 /home/haru/Desktop/projects/prs/vendor/laravel/framework/src/Illuminate/Container/Container.php(799): Illuminate\\Container\\BoundMethod::call(Object(Illuminate\\Foundation\\Application), Array, Array, NULL)
#30 /home/haru/Desktop/projects/prs/vendor/laravel/framework/src/Illuminate/Database/Seeder.php(184): Illuminate\\Container\\Container->call(Array, Array)
#31 /home/haru/Desktop/projects/prs/vendor/laravel/framework/src/Illuminate/Database/Seeder.php(193): Illuminate\\Database\\Seeder->{closure:Illuminate\\Database\\Seeder::__invoke():183}()
#32 /home/haru/Desktop/projects/prs/vendor/laravel/framework/src/Illuminate/Database/Seeder.php(59): Illuminate\\Database\\Seeder->__invoke(Array)
#33 /home/haru/Desktop/projects/prs/database/seeders/DatabaseSeeder.php(14): Illuminate\\Database\\Seeder->call('Database\\\\Seeder...')
#34 /home/haru/Desktop/projects/prs/vendor/laravel/framework/src/Illuminate/Container/BoundMethod.php(36): Database\\Seeders\\DatabaseSeeder->run()
#35 /home/haru/Desktop/projects/prs/vendor/laravel/framework/src/Illuminate/Container/Util.php(43): Illuminate\\Container\\BoundMethod::{closure:Illuminate\\Container\\BoundMethod::call():35}()
#36 /home/haru/Desktop/projects/prs/vendor/laravel/framework/src/Illuminate/Container/BoundMethod.php(96): Illuminate\\Container\\Util::unwrapIfClosure(Object(Closure))
#37 /home/haru/Desktop/projects/prs/vendor/laravel/framework/src/Illuminate/Container/BoundMethod.php(35): Illuminate\\Container\\BoundMethod::callBoundMethod(Object(Illuminate\\Foundation\\Application), Array, Object(Closure))
#38 /home/haru/Desktop/projects/prs/vendor/laravel/framework/src/Illuminate/Container/Container.php(799): Illuminate\\Container\\BoundMethod::call(Object(Illuminate\\Foundation\\Application), Array, Array, NULL)
#39 /home/haru/Desktop/projects/prs/vendor/laravel/framework/src/Illuminate/Database/Seeder.php(184): Illuminate\\Container\\Container->call(Array, Array)
#40 /home/haru/Desktop/projects/prs/vendor/laravel/framework/src/Illuminate/Database/Seeder.php(193): Illuminate\\Database\\Seeder->{closure:Illuminate\\Database\\Seeder::__invoke():183}()
#41 /home/haru/Desktop/projects/prs/vendor/laravel/framework/src/Illuminate/Database/Console/Seeds/SeedCommand.php(71): Illuminate\\Database\\Seeder->__invoke()
#42 /home/haru/Desktop/projects/prs/vendor/laravel/framework/src/Illuminate/Database/Eloquent/Concerns/GuardsAttributes.php(183): Illuminate\\Database\\Console\\Seeds\\SeedCommand->{closure:Illuminate\\Database\\Console\\Seeds\\SeedCommand::handle():70}()
#43 /home/haru/Desktop/projects/prs/vendor/laravel/framework/src/Illuminate/Database/Console/Seeds/SeedCommand.php(70): Illuminate\\Database\\Eloquent\\Model::unguarded(Object(Closure))
#44 /home/haru/Desktop/projects/prs/vendor/laravel/framework/src/Illuminate/Container/BoundMethod.php(36): Illuminate\\Database\\Console\\Seeds\\SeedCommand->handle()
#45 /home/haru/Desktop/projects/prs/vendor/laravel/framework/src/Illuminate/Container/Util.php(43): Illuminate\\Container\\BoundMethod::{closure:Illuminate\\Container\\BoundMethod::call():35}()
#46 /home/haru/Desktop/projects/prs/vendor/laravel/framework/src/Illuminate/Container/BoundMethod.php(96): Illuminate\\Container\\Util::unwrapIfClosure(Object(Closure))
#47 /home/haru/Desktop/projects/prs/vendor/laravel/framework/src/Illuminate/Container/BoundMethod.php(35): Illuminate\\Container\\BoundMethod::callBoundMethod(Object(Illuminate\\Foundation\\Application), Array, Object(Closure))
#48 /home/haru/Desktop/projects/prs/vendor/laravel/framework/src/Illuminate/Container/Container.php(799): Illuminate\\Container\\BoundMethod::call(Object(Illuminate\\Foundation\\Application), Array, Array, NULL)
#49 /home/haru/Desktop/projects/prs/vendor/laravel/framework/src/Illuminate/Console/Command.php(273): Illuminate\\Container\\Container->call(Array)
#50 /home/haru/Desktop/projects/prs/vendor/symfony/console/Command/Command.php(291): Illuminate\\Console\\Command->execute(Object(Symfony\\Component\\Console\\Input\\ArrayInput), Object(Illuminate\\Console\\OutputStyle))
#51 /home/haru/Desktop/projects/prs/vendor/laravel/framework/src/Illuminate/Console/Command.php(242): Symfony\\Component\\Console\\Command\\Command->run(Object(Symfony\\Component\\Console\\Input\\ArrayInput), Object(Illuminate\\Console\\OutputStyle))
#52 /home/haru/Desktop/projects/prs/vendor/laravel/framework/src/Illuminate/Console/Concerns/CallsCommands.php(68): Illuminate\\Console\\Command->run(Object(Symfony\\Component\\Console\\Input\\ArrayInput), Object(Illuminate\\Console\\OutputStyle))
#53 /home/haru/Desktop/projects/prs/vendor/laravel/framework/src/Illuminate/Console/Concerns/CallsCommands.php(29): Illuminate\\Console\\Command->runCommand('db:seed', Array, Object(Illuminate\\Console\\OutputStyle))
#54 /home/haru/Desktop/projects/prs/vendor/laravel/framework/src/Illuminate/Database/Console/Migrations/MigrateCommand.php(127): Illuminate\\Console\\Command->call('db:seed', Array)
#55 /home/haru/Desktop/projects/prs/vendor/laravel/framework/src/Illuminate/Database/Migrations/Migrator.php(671): Illuminate\\Database\\Console\\Migrations\\MigrateCommand->{closure:Illuminate\\Database\\Console\\Migrations\\MigrateCommand::runMigrations():111}()
#56 /home/haru/Desktop/projects/prs/vendor/laravel/framework/src/Illuminate/Database/Console/Migrations/MigrateCommand.php(111): Illuminate\\Database\\Migrations\\Migrator->usingConnection(NULL, Object(Closure))
#57 /home/haru/Desktop/projects/prs/vendor/laravel/framework/src/Illuminate/Database/Console/Migrations/MigrateCommand.php(90): Illuminate\\Database\\Console\\Migrations\\MigrateCommand->runMigrations()
#58 /home/haru/Desktop/projects/prs/vendor/laravel/framework/src/Illuminate/Container/BoundMethod.php(36): Illuminate\\Database\\Console\\Migrations\\MigrateCommand->handle()
#59 /home/haru/Desktop/projects/prs/vendor/laravel/framework/src/Illuminate/Container/Util.php(43): Illuminate\\Container\\BoundMethod::{closure:Illuminate\\Container\\BoundMethod::call():35}()
#60 /home/haru/Desktop/projects/prs/vendor/laravel/framework/src/Illuminate/Container/BoundMethod.php(96): Illuminate\\Container\\Util::unwrapIfClosure(Object(Closure))
#61 /home/haru/Desktop/projects/prs/vendor/laravel/framework/src/Illuminate/Container/BoundMethod.php(35): Illuminate\\Container\\BoundMethod::callBoundMethod(Object(Illuminate\\Foundation\\Application), Array, Object(Closure))
#62 /home/haru/Desktop/projects/prs/vendor/laravel/framework/src/Illuminate/Container/Container.php(799): Illuminate\\Container\\BoundMethod::call(Object(Illuminate\\Foundation\\Application), Array, Array, NULL)
#63 /home/haru/Desktop/projects/prs/vendor/laravel/framework/src/Illuminate/Console/Command.php(273): Illuminate\\Container\\Container->call(Array)
#64 /home/haru/Desktop/projects/prs/vendor/symfony/console/Command/Command.php(291): Illuminate\\Console\\Command->execute(Object(Symfony\\Component\\Console\\Input\\ArgvInput), Object(Illuminate\\Console\\OutputStyle))
#65 /home/haru/Desktop/projects/prs/vendor/laravel/framework/src/Illuminate/Console/Command.php(242): Symfony\\Component\\Console\\Command\\Command->run(Object(Symfony\\Component\\Console\\Input\\ArgvInput), Object(Illuminate\\Console\\OutputStyle))
#66 /home/haru/Desktop/projects/prs/vendor/symfony/console/Application.php(1107): Illuminate\\Console\\Command->run(Object(Symfony\\Component\\Console\\Input\\ArgvInput), Object(Symfony\\Component\\Console\\Output\\ConsoleOutput))
#67 /home/haru/Desktop/projects/prs/vendor/symfony/console/Application.php(356): Symfony\\Component\\Console\\Application->doRunCommand(Object(Illuminate\\Database\\Console\\Migrations\\MigrateCommand), Object(Symfony\\Component\\Console\\Input\\ArgvInput), Object(Symfony\\Component\\Console\\Output\\ConsoleOutput))
#68 /home/haru/Desktop/projects/prs/vendor/symfony/console/Application.php(195): Symfony\\Component\\Console\\Application->doRun(Object(Symfony\\Component\\Console\\Input\\ArgvInput), Object(Symfony\\Component\\Console\\Output\\ConsoleOutput))
#69 /home/haru/Desktop/projects/prs/vendor/laravel/framework/src/Illuminate/Foundation/Console/Kernel.php(198): Symfony\\Component\\Console\\Application->run(Object(Symfony\\Component\\Console\\Input\\ArgvInput), Object(Symfony\\Component\\Console\\Output\\ConsoleOutput))
#70 /home/haru/Desktop/projects/prs/vendor/laravel/framework/src/Illuminate/Foundation/Application.php(1235): Illuminate\\Foundation\\Console\\Kernel->handle(Object(Symfony\\Component\\Console\\Input\\ArgvInput), Object(Symfony\\Component\\Console\\Output\\ConsoleOutput))
#71 /home/haru/Desktop/projects/prs/artisan(16): Illuminate\\Foundation\\Application->handleCommand(Object(Symfony\\Component\\Console\\Input\\ArgvInput))
#72 {main}

[previous exception] [object] (GuzzleHttp\\Exception\\ConnectException(code: 0): cURL error 6: Could not resolve host: carbone (see https://curl.haxx.se/libcurl/c/libcurl-errors.html) for http://carbone:4000/render/template?download=true at /home/haru/Desktop/projects/prs/vendor/guzzlehttp/guzzle/src/Handler/CurlFactory.php:277)
[stacktrace]
#0 /home/haru/Desktop/projects/prs/vendor/guzzlehttp/guzzle/src/Handler/CurlFactory.php(207): GuzzleHttp\\Handler\\CurlFactory::createRejection(Object(GuzzleHttp\\Handler\\EasyHandle), Array)
#1 /home/haru/Desktop/projects/prs/vendor/guzzlehttp/guzzle/src/Handler/CurlFactory.php(159): GuzzleHttp\\Handler\\CurlFactory::finishError(Object(GuzzleHttp\\Handler\\CurlHandler), Object(GuzzleHttp\\Handler\\EasyHandle), Object(GuzzleHttp\\Handler\\CurlFactory))
#2 /home/haru/Desktop/projects/prs/vendor/guzzlehttp/guzzle/src/Handler/CurlHandler.php(47): GuzzleHttp\\Handler\\CurlFactory::finish(Object(GuzzleHttp\\Handler\\CurlHandler), Object(GuzzleHttp\\Handler\\EasyHandle), Object(GuzzleHttp\\Handler\\CurlFactory))
#3 /home/haru/Desktop/projects/prs/vendor/guzzlehttp/guzzle/src/Handler/Proxy.php(28): GuzzleHttp\\Handler\\CurlHandler->__invoke(Object(GuzzleHttp\\Psr7\\Request), Array)
#4 /home/haru/Desktop/projects/prs/vendor/guzzlehttp/guzzle/src/Handler/Proxy.php(48): GuzzleHttp\\Handler\\Proxy::{closure:GuzzleHttp\\Handler\\Proxy::wrapSync():27}(Object(GuzzleHttp\\Psr7\\Request), Array)
#5 /home/haru/Desktop/projects/prs/vendor/laravel/framework/src/Illuminate/Http/Client/PendingRequest.php(1523): GuzzleHttp\\Handler\\Proxy::{closure:GuzzleHttp\\Handler\\Proxy::wrapStreaming():47}(Object(GuzzleHttp\\Psr7\\Request), Array)
#6 /home/haru/Desktop/projects/prs/vendor/laravel/framework/src/Illuminate/Http/Client/PendingRequest.php(1480): Illuminate\\Http\\Client\\PendingRequest->{closure:{closure:Illuminate\\Http\\Client\\PendingRequest::buildStubHandler():1505}:1506}(Object(GuzzleHttp\\Psr7\\Request), Array)
#7 /home/haru/Desktop/projects/prs/vendor/laravel/framework/src/Illuminate/Http/Client/PendingRequest.php(1466): Illuminate\\Http\\Client\\PendingRequest->{closure:{closure:Illuminate\\Http\\Client\\PendingRequest::buildRecorderHandler():1478}:1479}(Object(GuzzleHttp\\Psr7\\Request), Array)
#8 /home/haru/Desktop/projects/prs/vendor/guzzlehttp/guzzle/src/PrepareBodyMiddleware.php(64): Illuminate\\Http\\Client\\PendingRequest->{closure:{closure:Illuminate\\Http\\Client\\PendingRequest::buildBeforeSendingHandler():1464}:1465}(Object(GuzzleHttp\\Psr7\\Request), Array)
#9 /home/haru/Desktop/projects/prs/vendor/guzzlehttp/guzzle/src/Middleware.php(38): GuzzleHttp\\PrepareBodyMiddleware->__invoke(Object(GuzzleHttp\\Psr7\\Request), Array)
#10 /home/haru/Desktop/projects/prs/vendor/guzzlehttp/guzzle/src/RedirectMiddleware.php(71): GuzzleHttp\\Middleware::{closure:{closure:GuzzleHttp\\Middleware::cookies():28}:29}(Object(GuzzleHttp\\Psr7\\Request), Array)
#11 /home/haru/Desktop/projects/prs/vendor/guzzlehttp/guzzle/src/Middleware.php(63): GuzzleHttp\\RedirectMiddleware->__invoke(Object(GuzzleHttp\\Psr7\\Request), Array)
#12 /home/haru/Desktop/projects/prs/vendor/guzzlehttp/guzzle/src/HandlerStack.php(75): GuzzleHttp\\Middleware::{closure:{closure:GuzzleHttp\\Middleware::httpErrors():60}:61}(Object(GuzzleHttp\\Psr7\\Request), Array)
#13 /home/haru/Desktop/projects/prs/vendor/guzzlehttp/guzzle/src/Client.php(333): GuzzleHttp\\HandlerStack->__invoke(Object(GuzzleHttp\\Psr7\\Request), Array)
#14 /home/haru/Desktop/projects/prs/vendor/guzzlehttp/guzzle/src/Client.php(169): GuzzleHttp\\Client->transfer(Object(GuzzleHttp\\Psr7\\Request), Array)
#15 /home/haru/Desktop/projects/prs/vendor/guzzlehttp/guzzle/src/Client.php(189): GuzzleHttp\\Client->requestAsync('POST', Object(GuzzleHttp\\Psr7\\Uri), Array)
#16 /home/haru/Desktop/projects/prs/vendor/laravel/framework/src/Illuminate/Http/Client/PendingRequest.php(1306): GuzzleHttp\\Client->request('POST', 'http://carbone:...', Array)
#17 /home/haru/Desktop/projects/prs/vendor/laravel/framework/src/Illuminate/Http/Client/PendingRequest.php(1043): Illuminate\\Http\\Client\\PendingRequest->sendRequest('POST', 'http://carbone:...', Array)
#18 /home/haru/Desktop/projects/prs/vendor/laravel/framework/src/Illuminate/Support/helpers.php(328): Illuminate\\Http\\Client\\PendingRequest->{closure:Illuminate\\Http\\Client\\PendingRequest::send():1041}(1)
#19 /home/haru/Desktop/projects/prs/vendor/laravel/framework/src/Illuminate/Http/Client/PendingRequest.php(1041): retry(0, Object(Closure), 100, Object(Closure))
#20 /home/haru/Desktop/projects/prs/vendor/laravel/framework/src/Illuminate/Http/Client/PendingRequest.php(885): Illuminate\\Http\\Client\\PendingRequest->send('POST', 'http://carbone:...', Array)
#21 /home/haru/Desktop/projects/prs/app/Services/CarboneClient.php(19): Illuminate\\Http\\Client\\PendingRequest->post('/render/templat...', Array)
#22 /home/haru/Desktop/projects/prs/app/Services/DocxTemplateProcessor.php(72): App\\Services\\CarboneClient->render('PK\\x03\\x04\\x14\\x00\\x00\\x00\\x08\\x00\\xB1d\\xE6\\\\\\xEE...', Array)
#23 /home/haru/Desktop/projects/prs/app/Pdf/BuildPaymentRequestFormPdf.php(48): App\\Services\\DocxTemplateProcessor->renderPaymentRequestForm(Object(App\\Models\\Document), Object(App\\Models\\PaymentRequestForm))
#24 /home/haru/Desktop/projects/prs/app/Listeners/SnapshotPaymentRequestFormFinalDocument.php(31): App\\Pdf\\BuildPaymentRequestFormPdf->build(Object(App\\Models\\PaymentRequestForm))
#25 /home/haru/Desktop/projects/prs/vendor/laravel/framework/src/Illuminate/Events/Dispatcher.php(518): App\\Listeners\\SnapshotPaymentRequestFormFinalDocument->handle(Object(App\\Events\\Workflow\\WorkflowCompleted))
#26 /home/haru/Desktop/projects/prs/vendor/laravel/framework/src/Illuminate/Events/Dispatcher.php(328): Illuminate\\Events\\Dispatcher->{closure:Illuminate\\Events\\Dispatcher::createClassListener():511}('App\\\\Events\\\\Work...', Array)
#27 /home/haru/Desktop/projects/prs/vendor/laravel/framework/src/Illuminate/Events/Dispatcher.php(308): Illuminate\\Events\\Dispatcher->invokeListeners('App\\\\Events\\\\Work...', Array, false)
#28 /home/haru/Desktop/projects/prs/vendor/laravel/framework/src/Illuminate/Foundation/helpers.php(505): Illuminate\\Events\\Dispatcher->dispatch(Object(App\\Events\\Workflow\\WorkflowCompleted))
#29 /home/haru/Desktop/projects/prs/vendor/laravel/framework/src/Illuminate/Foundation/Events/Dispatchable.php(15): event(Object(App\\Events\\Workflow\\WorkflowCompleted))
#30 /home/haru/Desktop/projects/prs/app/Services/Workflow/WorkflowEngine.php(428): App\\Events\\Workflow\\WorkflowCompleted::dispatch(Object(App\\Models\\WorkflowInstance))
#31 /home/haru/Desktop/projects/prs/app/Services/Workflow/WorkflowEngine.php(486): App\\Services\\Workflow\\WorkflowEngine->{closure:App\\Services\\Workflow\\WorkflowEngine::advance():428}()
#32 /home/haru/Desktop/projects/prs/app/Services/Workflow/WorkflowEngine.php(249): App\\Services\\Workflow\\WorkflowEngine->runAfterCommit(Array)
#33 /home/haru/Desktop/projects/prs/app/Services/Workflow/WorkflowManager.php(73): App\\Services\\Workflow\\WorkflowEngine->act(Object(App\\Models\\WorkflowInstance), Object(App\\Models\\PaymentRequestForm), Object(App\\Models\\User), App\\Enums\\WorkflowActionType::Approve, 'Approved by see...')
#34 /home/haru/Desktop/projects/prs/database/seeders/PaymentRequestFormSeeder.php(166): App\\Services\\Workflow\\WorkflowManager->act(Object(App\\Models\\PaymentRequestForm), Object(App\\Models\\User), App\\Enums\\WorkflowActionType::Approve, 'Approved by see...')
#35 /home/haru/Desktop/projects/prs/database/seeders/PaymentRequestFormSeeder.php(122): Database\\Seeders\\PaymentRequestFormSeeder->completeActiveStep(Object(App\\Models\\PaymentRequestForm))
#36 /home/haru/Desktop/projects/prs/database/seeders/PaymentRequestFormSeeder.php(261): Database\\Seeders\\PaymentRequestFormSeeder->approveSteps(Object(App\\Models\\PaymentRequestForm), 4)
#37 /home/haru/Desktop/projects/prs/database/seeders/PaymentRequestFormSeeder.php(65): Database\\Seeders\\PaymentRequestFormSeeder->seedScenario5_ApprovedRecurringChemicalSupply()
#38 /home/haru/Desktop/projects/prs/vendor/laravel/framework/src/Illuminate/Database/Concerns/ManagesTransactions.php(35): Database\\Seeders\\PaymentRequestFormSeeder->{closure:Database\\Seeders\\PaymentRequestFormSeeder::run():60}(Object(Illuminate\\Database\\SQLiteConnection))
#39 /home/haru/Desktop/projects/prs/vendor/laravel/framework/src/Illuminate/Database/DatabaseManager.php(493): Illuminate\\Database\\Connection->transaction(Object(Closure))
#40 /home/haru/Desktop/projects/prs/vendor/laravel/framework/src/Illuminate/Support/Facades/Facade.php(363): Illuminate\\Database\\DatabaseManager->__call('transaction', Array)
#41 /home/haru/Desktop/projects/prs/database/seeders/PaymentRequestFormSeeder.php(60): Illuminate\\Support\\Facades\\Facade::__callStatic('transaction', Array)
#42 /home/haru/Desktop/projects/prs/vendor/laravel/framework/src/Illuminate/Container/BoundMethod.php(36): Database\\Seeders\\PaymentRequestFormSeeder->run()
#43 /home/haru/Desktop/projects/prs/vendor/laravel/framework/src/Illuminate/Container/Util.php(43): Illuminate\\Container\\BoundMethod::{closure:Illuminate\\Container\\BoundMethod::call():35}()
#44 /home/haru/Desktop/projects/prs/vendor/laravel/framework/src/Illuminate/Container/BoundMethod.php(96): Illuminate\\Container\\Util::unwrapIfClosure(Object(Closure))
#45 /home/haru/Desktop/projects/prs/vendor/laravel/framework/src/Illuminate/Container/BoundMethod.php(35): Illuminate\\Container\\BoundMethod::callBoundMethod(Object(Illuminate\\Foundation\\Application), Array, Object(Closure))
#46 /home/haru/Desktop/projects/prs/vendor/laravel/framework/src/Illuminate/Container/Container.php(799): Illuminate\\Container\\BoundMethod::call(Object(Illuminate\\Foundation\\Application), Array, Array, NULL)
#47 /home/haru/Desktop/projects/prs/vendor/laravel/framework/src/Illuminate/Database/Seeder.php(184): Illuminate\\Container\\Container->call(Array, Array)
#48 /home/haru/Desktop/projects/prs/vendor/laravel/framework/src/Illuminate/Database/Seeder.php(193): Illuminate\\Database\\Seeder->{closure:Illuminate\\Database\\Seeder::__invoke():183}()
#49 /home/haru/Desktop/projects/prs/vendor/laravel/framework/src/Illuminate/Database/Seeder.php(59): Illuminate\\Database\\Seeder->__invoke(Array)
#50 /home/haru/Desktop/projects/prs/database/seeders/DatabaseSeeder.php(14): Illuminate\\Database\\Seeder->call('Database\\\\Seeder...')
#51 /home/haru/Desktop/projects/prs/vendor/laravel/framework/src/Illuminate/Container/BoundMethod.php(36): Database\\Seeders\\DatabaseSeeder->run()
#52 /home/haru/Desktop/projects/prs/vendor/laravel/framework/src/Illuminate/Container/Util.php(43): Illuminate\\Container\\BoundMethod::{closure:Illuminate\\Container\\BoundMethod::call():35}()
#53 /home/haru/Desktop/projects/prs/vendor/laravel/framework/src/Illuminate/Container/BoundMethod.php(96): Illuminate\\Container\\Util::unwrapIfClosure(Object(Closure))
#54 /home/haru/Desktop/projects/prs/vendor/laravel/framework/src/Illuminate/Container/BoundMethod.php(35): Illuminate\\Container\\BoundMethod::callBoundMethod(Object(Illuminate\\Foundation\\Application), Array, Object(Closure))
#55 /home/haru/Desktop/projects/prs/vendor/laravel/framework/src/Illuminate/Container/Container.php(799): Illuminate\\Container\\BoundMethod::call(Object(Illuminate\\Foundation\\Application), Array, Array, NULL)
#56 /home/haru/Desktop/projects/prs/vendor/laravel/framework/src/Illuminate/Database/Seeder.php(184): Illuminate\\Container\\Container->call(Array, Array)
#57 /home/haru/Desktop/projects/prs/vendor/laravel/framework/src/Illuminate/Database/Seeder.php(193): Illuminate\\Database\\Seeder->{closure:Illuminate\\Database\\Seeder::__invoke():183}()
#58 /home/haru/Desktop/projects/prs/vendor/laravel/framework/src/Illuminate/Database/Console/Seeds/SeedCommand.php(71): Illuminate\\Database\\Seeder->__invoke()
#59 /home/haru/Desktop/projects/prs/vendor/laravel/framework/src/Illuminate/Database/Eloquent/Concerns/GuardsAttributes.php(183): Illuminate\\Database\\Console\\Seeds\\SeedCommand->{closure:Illuminate\\Database\\Console\\Seeds\\SeedCommand::handle():70}()
#60 /home/haru/Desktop/projects/prs/vendor/laravel/framework/src/Illuminate/Database/Console/Seeds/SeedCommand.php(70): Illuminate\\Database\\Eloquent\\Model::unguarded(Object(Closure))
#61 /home/haru/Desktop/projects/prs/vendor/laravel/framework/src/Illuminate/Container/BoundMethod.php(36): Illuminate\\Database\\Console\\Seeds\\SeedCommand->handle()
#62 /home/haru/Desktop/projects/prs/vendor/laravel/framework/src/Illuminate/Container/Util.php(43): Illuminate\\Container\\BoundMethod::{closure:Illuminate\\Container\\BoundMethod::call():35}()
#63 /home/haru/Desktop/projects/prs/vendor/laravel/framework/src/Illuminate/Container/BoundMethod.php(96): Illuminate\\Container\\Util::unwrapIfClosure(Object(Closure))
#64 /home/haru/Desktop/projects/prs/vendor/laravel/framework/src/Illuminate/Container/BoundMethod.php(35): Illuminate\\Container\\BoundMethod::callBoundMethod(Object(Illuminate\\Foundation\\Application), Array, Object(Closure))
#65 /home/haru/Desktop/projects/prs/vendor/laravel/framework/src/Illuminate/Container/Container.php(799): Illuminate\\Container\\BoundMethod::call(Object(Illuminate\\Foundation\\Application), Array, Array, NULL)
#66 /home/haru/Desktop/projects/prs/vendor/laravel/framework/src/Illuminate/Console/Command.php(273): Illuminate\\Container\\Container->call(Array)
#67 /home/haru/Desktop/projects/prs/vendor/symfony/console/Command/Command.php(291): Illuminate\\Console\\Command->execute(Object(Symfony\\Component\\Console\\Input\\ArrayInput), Object(Illuminate\\Console\\OutputStyle))
#68 /home/haru/Desktop/projects/prs/vendor/laravel/framework/src/Illuminate/Console/Command.php(242): Symfony\\Component\\Console\\Command\\Command->run(Object(Symfony\\Component\\Console\\Input\\ArrayInput), Object(Illuminate\\Console\\OutputStyle))
#69 /home/haru/Desktop/projects/prs/vendor/laravel/framework/src/Illuminate/Console/Concerns/CallsCommands.php(68): Illuminate\\Console\\Command->run(Object(Symfony\\Component\\Console\\Input\\ArrayInput), Object(Illuminate\\Console\\OutputStyle))
#70 /home/haru/Desktop/projects/prs/vendor/laravel/framework/src/Illuminate/Console/Concerns/CallsCommands.php(29): Illuminate\\Console\\Command->runCommand('db:seed', Array, Object(Illuminate\\Console\\OutputStyle))
#71 /home/haru/Desktop/projects/prs/vendor/laravel/framework/src/Illuminate/Database/Console/Migrations/MigrateCommand.php(127): Illuminate\\Console\\Command->call('db:seed', Array)
#72 /home/haru/Desktop/projects/prs/vendor/laravel/framework/src/Illuminate/Database/Migrations/Migrator.php(671): Illuminate\\Database\\Console\\Migrations\\MigrateCommand->{closure:Illuminate\\Database\\Console\\Migrations\\MigrateCommand::runMigrations():111}()
#73 /home/haru/Desktop/projects/prs/vendor/laravel/framework/src/Illuminate/Database/Console/Migrations/MigrateCommand.php(111): Illuminate\\Database\\Migrations\\Migrator->usingConnection(NULL, Object(Closure))
#74 /home/haru/Desktop/projects/prs/vendor/laravel/framework/src/Illuminate/Database/Console/Migrations/MigrateCommand.php(90): Illuminate\\Database\\Console\\Migrations\\MigrateCommand->runMigrations()
#75 /home/haru/Desktop/projects/prs/vendor/laravel/framework/src/Illuminate/Container/BoundMethod.php(36): Illuminate\\Database\\Console\\Migrations\\MigrateCommand->handle()
#76 /home/haru/Desktop/projects/prs/vendor/laravel/framework/src/Illuminate/Container/Util.php(43): Illuminate\\Container\\BoundMethod::{closure:Illuminate\\Container\\BoundMethod::call():35}()
#77 /home/haru/Desktop/projects/prs/vendor/laravel/framework/src/Illuminate/Container/BoundMethod.php(96): Illuminate\\Container\\Util::unwrapIfClosure(Object(Closure))
#78 /home/haru/Desktop/projects/prs/vendor/laravel/framework/src/Illuminate/Container/BoundMethod.php(35): Illuminate\\Container\\BoundMethod::callBoundMethod(Object(Illuminate\\Foundation\\Application), Array, Object(Closure))
#79 /home/haru/Desktop/projects/prs/vendor/laravel/framework/src/Illuminate/Container/Container.php(799): Illuminate\\Container\\BoundMethod::call(Object(Illuminate\\Foundation\\Application), Array, Array, NULL)
#80 /home/haru/Desktop/projects/prs/vendor/laravel/framework/src/Illuminate/Console/Command.php(273): Illuminate\\Container\\Container->call(Array)
#81 /home/haru/Desktop/projects/prs/vendor/symfony/console/Command/Command.php(291): Illuminate\\Console\\Command->execute(Object(Symfony\\Component\\Console\\Input\\ArgvInput), Object(Illuminate\\Console\\OutputStyle))
#82 /home/haru/Desktop/projects/prs/vendor/laravel/framework/src/Illuminate/Console/Command.php(242): Symfony\\Component\\Console\\Command\\Command->run(Object(Symfony\\Component\\Console\\Input\\ArgvInput), Object(Illuminate\\Console\\OutputStyle))
#83 /home/haru/Desktop/projects/prs/vendor/symfony/console/Application.php(1107): Illuminate\\Console\\Command->run(Object(Symfony\\Component\\Console\\Input\\ArgvInput), Object(Symfony\\Component\\Console\\Output\\ConsoleOutput))
#84 /home/haru/Desktop/projects/prs/vendor/symfony/console/Application.php(356): Symfony\\Component\\Console\\Application->doRunCommand(Object(Illuminate\\Database\\Console\\Migrations\\MigrateCommand), Object(Symfony\\Component\\Console\\Input\\ArgvInput), Object(Symfony\\Component\\Console\\Output\\ConsoleOutput))
#85 /home/haru/Desktop/projects/prs/vendor/symfony/console/Application.php(195): Symfony\\Component\\Console\\Application->doRun(Object(Symfony\\Component\\Console\\Input\\ArgvInput), Object(Symfony\\Component\\Console\\Output\\ConsoleOutput))
#86 /home/haru/Desktop/projects/prs/vendor/laravel/framework/src/Illuminate/Foundation/Console/Kernel.php(198): Symfony\\Component\\Console\\Application->run(Object(Symfony\\Component\\Console\\Input\\ArgvInput), Object(Symfony\\Component\\Console\\Output\\ConsoleOutput))
#87 /home/haru/Desktop/projects/prs/vendor/laravel/framework/src/Illuminate/Foundation/Application.php(1235): Illuminate\\Foundation\\Console\\Kernel->handle(Object(Symfony\\Component\\Console\\Input\\ArgvInput), Object(Symfony\\Component\\Console\\Output\\ConsoleOutput))
#88 /home/haru/Desktop/projects/prs/artisan(16): Illuminate\\Foundation\\Application->handleCommand(Object(Symfony\\Component\\Console\\Input\\ArgvInput))
#89 {main}
"} 
[2026-07-13 04:43:30] local.ERROR: cURL error 6: Could not resolve host: carbone (see https://curl.haxx.se/libcurl/c/libcurl-errors.html) for http://carbone:4000/render/template?download=true {"exception":"[object] (Illuminate\\Http\\Client\\ConnectionException(code: 0): cURL error 6: Could not resolve host: carbone (see https://curl.haxx.se/libcurl/c/libcurl-errors.html) for http://carbone:4000/render/template?download=true at /home/haru/Desktop/projects/prs/vendor/laravel/framework/src/Illuminate/Http/Client/PendingRequest.php:1805)
[stacktrace]
#0 /home/haru/Desktop/projects/prs/vendor/laravel/framework/src/Illuminate/Http/Client/PendingRequest.php(1081): Illuminate\\Http\\Client\\PendingRequest->marshalConnectionException(Object(GuzzleHttp\\Exception\\ConnectException))
#1 /home/haru/Desktop/projects/prs/vendor/laravel/framework/src/Illuminate/Support/helpers.php(328): Illuminate\\Http\\Client\\PendingRequest->{closure:Illuminate\\Http\\Client\\PendingRequest::send():1041}(1)
#2 /home/haru/Desktop/projects/prs/vendor/laravel/framework/src/Illuminate/Http/Client/PendingRequest.php(1041): retry(0, Object(Closure), 100, Object(Closure))
#3 /home/haru/Desktop/projects/prs/vendor/laravel/framework/src/Illuminate/Http/Client/PendingRequest.php(885): Illuminate\\Http\\Client\\PendingRequest->send('POST', 'http://carbone:...', Array)
#4 /home/haru/Desktop/projects/prs/app/Services/CarboneClient.php(19): Illuminate\\Http\\Client\\PendingRequest->post('/render/templat...', Array)
#5 /home/haru/Desktop/projects/prs/app/Services/DocxTemplateProcessor.php(72): App\\Services\\CarboneClient->render('PK\\x03\\x04\\x14\\x00\\x00\\x00\\x08\\x00\\xB1d\\xE6\\\\\\xEE...', Array)
#6 /home/haru/Desktop/projects/prs/app/Pdf/BuildPaymentRequestFormPdf.php(48): App\\Services\\DocxTemplateProcessor->renderPaymentRequestForm(Object(App\\Models\\Document), Object(App\\Models\\PaymentRequestForm))
#7 /home/haru/Desktop/projects/prs/app/Listeners/SnapshotPaymentRequestFormFinalDocument.php(31): App\\Pdf\\BuildPaymentRequestFormPdf->build(Object(App\\Models\\PaymentRequestForm))
#8 /home/haru/Desktop/projects/prs/vendor/laravel/framework/src/Illuminate/Events/Dispatcher.php(518): App\\Listeners\\SnapshotPaymentRequestFormFinalDocument->handle(Object(App\\Events\\Workflow\\WorkflowCompleted))
#9 /home/haru/Desktop/projects/prs/vendor/laravel/framework/src/Illuminate/Events/Dispatcher.php(328): Illuminate\\Events\\Dispatcher->{closure:Illuminate\\Events\\Dispatcher::createClassListener():511}('App\\\\Events\\\\Work...', Array)
#10 /home/haru/Desktop/projects/prs/vendor/laravel/framework/src/Illuminate/Events/Dispatcher.php(308): Illuminate\\Events\\Dispatcher->invokeListeners('App\\\\Events\\\\Work...', Array, false)
#11 /home/haru/Desktop/projects/prs/vendor/laravel/framework/src/Illuminate/Foundation/helpers.php(505): Illuminate\\Events\\Dispatcher->dispatch(Object(App\\Events\\Workflow\\WorkflowCompleted))
#12 /home/haru/Desktop/projects/prs/vendor/laravel/framework/src/Illuminate/Foundation/Events/Dispatchable.php(15): event(Object(App\\Events\\Workflow\\WorkflowCompleted))
#13 /home/haru/Desktop/projects/prs/app/Services/Workflow/WorkflowEngine.php(428): App\\Events\\Workflow\\WorkflowCompleted::dispatch(Object(App\\Models\\WorkflowInstance))
#14 /home/haru/Desktop/projects/prs/app/Services/Workflow/WorkflowEngine.php(486): App\\Services\\Workflow\\WorkflowEngine->{closure:App\\Services\\Workflow\\WorkflowEngine::advance():428}()
#15 /home/haru/Desktop/projects/prs/app/Services/Workflow/WorkflowEngine.php(249): App\\Services\\Workflow\\WorkflowEngine->runAfterCommit(Array)
#16 /home/haru/Desktop/projects/prs/app/Services/Workflow/WorkflowManager.php(73): App\\Services\\Workflow\\WorkflowEngine->act(Object(App\\Models\\WorkflowInstance), Object(App\\Models\\PaymentRequestForm), Object(App\\Models\\User), App\\Enums\\WorkflowActionType::Approve, 'Approved by see...')
#17 /home/haru/Desktop/projects/prs/database/seeders/PaymentRequestFormSeeder.php(166): App\\Services\\Workflow\\WorkflowManager->act(Object(App\\Models\\PaymentRequestForm), Object(App\\Models\\User), App\\Enums\\WorkflowActionType::Approve, 'Approved by see...')
#18 /home/haru/Desktop/projects/prs/database/seeders/PaymentRequestFormSeeder.php(122): Database\\Seeders\\PaymentRequestFormSeeder->completeActiveStep(Object(App\\Models\\PaymentRequestForm))
#19 /home/haru/Desktop/projects/prs/database/seeders/PaymentRequestFormSeeder.php(261): Database\\Seeders\\PaymentRequestFormSeeder->approveSteps(Object(App\\Models\\PaymentRequestForm), 4)
#20 /home/haru/Desktop/projects/prs/database/seeders/PaymentRequestFormSeeder.php(65): Database\\Seeders\\PaymentRequestFormSeeder->seedScenario5_ApprovedRecurringChemicalSupply()
#21 /home/haru/Desktop/projects/prs/vendor/laravel/framework/src/Illuminate/Database/Concerns/ManagesTransactions.php(35): Database\\Seeders\\PaymentRequestFormSeeder->{closure:Database\\Seeders\\PaymentRequestFormSeeder::run():60}(Object(Illuminate\\Database\\SQLiteConnection))
#22 /home/haru/Desktop/projects/prs/vendor/laravel/framework/src/Illuminate/Database/DatabaseManager.php(493): Illuminate\\Database\\Connection->transaction(Object(Closure))
#23 /home/haru/Desktop/projects/prs/vendor/laravel/framework/src/Illuminate/Support/Facades/Facade.php(363): Illuminate\\Database\\DatabaseManager->__call('transaction', Array)
#24 /home/haru/Desktop/projects/prs/database/seeders/PaymentRequestFormSeeder.php(60): Illuminate\\Support\\Facades\\Facade::__callStatic('transaction', Array)
#25 /home/haru/Desktop/projects/prs/vendor/laravel/framework/src/Illuminate/Container/BoundMethod.php(36): Database\\Seeders\\PaymentRequestFormSeeder->run()
#26 /home/haru/Desktop/projects/prs/vendor/laravel/framework/src/Illuminate/Container/Util.php(43): Illuminate\\Container\\BoundMethod::{closure:Illuminate\\Container\\BoundMethod::call():35}()
#27 /home/haru/Desktop/projects/prs/vendor/laravel/framework/src/Illuminate/Container/BoundMethod.php(96): Illuminate\\Container\\Util::unwrapIfClosure(Object(Closure))
#28 /home/haru/Desktop/projects/prs/vendor/laravel/framework/src/Illuminate/Container/BoundMethod.php(35): Illuminate\\Container\\BoundMethod::callBoundMethod(Object(Illuminate\\Foundation\\Application), Array, Object(Closure))
#29 /home/haru/Desktop/projects/prs/vendor/laravel/framework/src/Illuminate/Container/Container.php(799): Illuminate\\Container\\BoundMethod::call(Object(Illuminate\\Foundation\\Application), Array, Array, NULL)
#30 /home/haru/Desktop/projects/prs/vendor/laravel/framework/src/Illuminate/Database/Seeder.php(184): Illuminate\\Container\\Container->call(Array, Array)
#31 /home/haru/Desktop/projects/prs/vendor/laravel/framework/src/Illuminate/Database/Seeder.php(193): Illuminate\\Database\\Seeder->{closure:Illuminate\\Database\\Seeder::__invoke():183}()
#32 /home/haru/Desktop/projects/prs/vendor/laravel/framework/src/Illuminate/Database/Seeder.php(59): Illuminate\\Database\\Seeder->__invoke(Array)
#33 /home/haru/Desktop/projects/prs/database/seeders/DatabaseSeeder.php(14): Illuminate\\Database\\Seeder->call('Database\\\\Seeder...')
#34 /home/haru/Desktop/projects/prs/vendor/laravel/framework/src/Illuminate/Container/BoundMethod.php(36): Database\\Seeders\\DatabaseSeeder->run()
#35 /home/haru/Desktop/projects/prs/vendor/laravel/framework/src/Illuminate/Container/Util.php(43): Illuminate\\Container\\BoundMethod::{closure:Illuminate\\Container\\BoundMethod::call():35}()
#36 /home/haru/Desktop/projects/prs/vendor/laravel/framework/src/Illuminate/Container/BoundMethod.php(96): Illuminate\\Container\\Util::unwrapIfClosure(Object(Closure))
#37 /home/haru/Desktop/projects/prs/vendor/laravel/framework/src/Illuminate/Container/BoundMethod.php(35): Illuminate\\Container\\BoundMethod::callBoundMethod(Object(Illuminate\\Foundation\\Application), Array, Object(Closure))
#38 /home/haru/Desktop/projects/prs/vendor/laravel/framework/src/Illuminate/Container/Container.php(799): Illuminate\\Container\\BoundMethod::call(Object(Illuminate\\Foundation\\Application), Array, Array, NULL)
#39 /home/haru/Desktop/projects/prs/vendor/laravel/framework/src/Illuminate/Database/Seeder.php(184): Illuminate\\Container\\Container->call(Array, Array)
#40 /home/haru/Desktop/projects/prs/vendor/laravel/framework/src/Illuminate/Database/Seeder.php(193): Illuminate\\Database\\Seeder->{closure:Illuminate\\Database\\Seeder::__invoke():183}()
#41 /home/haru/Desktop/projects/prs/vendor/laravel/framework/src/Illuminate/Database/Console/Seeds/SeedCommand.php(71): Illuminate\\Database\\Seeder->__invoke()
#42 /home/haru/Desktop/projects/prs/vendor/laravel/framework/src/Illuminate/Database/Eloquent/Concerns/GuardsAttributes.php(183): Illuminate\\Database\\Console\\Seeds\\SeedCommand->{closure:Illuminate\\Database\\Console\\Seeds\\SeedCommand::handle():70}()
#43 /home/haru/Desktop/projects/prs/vendor/laravel/framework/src/Illuminate/Database/Console/Seeds/SeedCommand.php(70): Illuminate\\Database\\Eloquent\\Model::unguarded(Object(Closure))
#44 /home/haru/Desktop/projects/prs/vendor/laravel/framework/src/Illuminate/Container/BoundMethod.php(36): Illuminate\\Database\\Console\\Seeds\\SeedCommand->handle()
#45 /home/haru/Desktop/projects/prs/vendor/laravel/framework/src/Illuminate/Container/Util.php(43): Illuminate\\Container\\BoundMethod::{closure:Illuminate\\Container\\BoundMethod::call():35}()
#46 /home/haru/Desktop/projects/prs/vendor/laravel/framework/src/Illuminate/Container/BoundMethod.php(96): Illuminate\\Container\\Util::unwrapIfClosure(Object(Closure))
#47 /home/haru/Desktop/projects/prs/vendor/laravel/framework/src/Illuminate/Container/BoundMethod.php(35): Illuminate\\Container\\BoundMethod::callBoundMethod(Object(Illuminate\\Foundation\\Application), Array, Object(Closure))
#48 /home/haru/Desktop/projects/prs/vendor/laravel/framework/src/Illuminate/Container/Container.php(799): Illuminate\\Container\\BoundMethod::call(Object(Illuminate\\Foundation\\Application), Array, Array, NULL)
#49 /home/haru/Desktop/projects/prs/vendor/laravel/framework/src/Illuminate/Console/Command.php(273): Illuminate\\Container\\Container->call(Array)
#50 /home/haru/Desktop/projects/prs/vendor/symfony/console/Command/Command.php(291): Illuminate\\Console\\Command->execute(Object(Symfony\\Component\\Console\\Input\\ArrayInput), Object(Illuminate\\Console\\OutputStyle))
#51 /home/haru/Desktop/projects/prs/vendor/laravel/framework/src/Illuminate/Console/Command.php(242): Symfony\\Component\\Console\\Command\\Command->run(Object(Symfony\\Component\\Console\\Input\\ArrayInput), Object(Illuminate\\Console\\OutputStyle))
#52 /home/haru/Desktop/projects/prs/vendor/laravel/framework/src/Illuminate/Console/Concerns/CallsCommands.php(68): Illuminate\\Console\\Command->run(Object(Symfony\\Component\\Console\\Input\\ArrayInput), Object(Illuminate\\Console\\OutputStyle))
#53 /home/haru/Desktop/projects/prs/vendor/laravel/framework/src/Illuminate/Console/Concerns/CallsCommands.php(29): Illuminate\\Console\\Command->runCommand('db:seed', Array, Object(Illuminate\\Console\\OutputStyle))
#54 /home/haru/Desktop/projects/prs/vendor/laravel/framework/src/Illuminate/Database/Console/Migrations/MigrateCommand.php(127): Illuminate\\Console\\Command->call('db:seed', Array)
#55 /home/haru/Desktop/projects/prs/vendor/laravel/framework/src/Illuminate/Database/Migrations/Migrator.php(671): Illuminate\\Database\\Console\\Migrations\\MigrateCommand->{closure:Illuminate\\Database\\Console\\Migrations\\MigrateCommand::runMigrations():111}()
#56 /home/haru/Desktop/projects/prs/vendor/laravel/framework/src/Illuminate/Database/Console/Migrations/MigrateCommand.php(111): Illuminate\\Database\\Migrations\\Migrator->usingConnection(NULL, Object(Closure))
#57 /home/haru/Desktop/projects/prs/vendor/laravel/framework/src/Illuminate/Database/Console/Migrations/MigrateCommand.php(90): Illuminate\\Database\\Console\\Migrations\\MigrateCommand->runMigrations()
#58 /home/haru/Desktop/projects/prs/vendor/laravel/framework/src/Illuminate/Container/BoundMethod.php(36): Illuminate\\Database\\Console\\Migrations\\MigrateCommand->handle()
#59 /home/haru/Desktop/projects/prs/vendor/laravel/framework/src/Illuminate/Container/Util.php(43): Illuminate\\Container\\BoundMethod::{closure:Illuminate\\Container\\BoundMethod::call():35}()
#60 /home/haru/Desktop/projects/prs/vendor/laravel/framework/src/Illuminate/Container/BoundMethod.php(96): Illuminate\\Container\\Util::unwrapIfClosure(Object(Closure))
#61 /home/haru/Desktop/projects/prs/vendor/laravel/framework/src/Illuminate/Container/BoundMethod.php(35): Illuminate\\Container\\BoundMethod::callBoundMethod(Object(Illuminate\\Foundation\\Application), Array, Object(Closure))
#62 /home/haru/Desktop/projects/prs/vendor/laravel/framework/src/Illuminate/Container/Container.php(799): Illuminate\\Container\\BoundMethod::call(Object(Illuminate\\Foundation\\Application), Array, Array, NULL)
#63 /home/haru/Desktop/projects/prs/vendor/laravel/framework/src/Illuminate/Console/Command.php(273): Illuminate\\Container\\Container->call(Array)
#64 /home/haru/Desktop/projects/prs/vendor/symfony/console/Command/Command.php(291): Illuminate\\Console\\Command->execute(Object(Symfony\\Component\\Console\\Input\\ArgvInput), Object(Illuminate\\Console\\OutputStyle))
#65 /home/haru/Desktop/projects/prs/vendor/laravel/framework/src/Illuminate/Console/Command.php(242): Symfony\\Component\\Console\\Command\\Command->run(Object(Symfony\\Component\\Console\\Input\\ArgvInput), Object(Illuminate\\Console\\OutputStyle))
#66 /home/haru/Desktop/projects/prs/vendor/symfony/console/Application.php(1107): Illuminate\\Console\\Command->run(Object(Symfony\\Component\\Console\\Input\\ArgvInput), Object(Symfony\\Component\\Console\\Output\\ConsoleOutput))
#67 /home/haru/Desktop/projects/prs/vendor/symfony/console/Application.php(356): Symfony\\Component\\Console\\Application->doRunCommand(Object(Illuminate\\Database\\Console\\Migrations\\MigrateCommand), Object(Symfony\\Component\\Console\\Input\\ArgvInput), Object(Symfony\\Component\\Console\\Output\\ConsoleOutput))
#68 /home/haru/Desktop/projects/prs/vendor/symfony/console/Application.php(195): Symfony\\Component\\Console\\Application->doRun(Object(Symfony\\Component\\Console\\Input\\ArgvInput), Object(Symfony\\Component\\Console\\Output\\ConsoleOutput))
#69 /home/haru/Desktop/projects/prs/vendor/laravel/framework/src/Illuminate/Foundation/Console/Kernel.php(198): Symfony\\Component\\Console\\Application->run(Object(Symfony\\Component\\Console\\Input\\ArgvInput), Object(Symfony\\Component\\Console\\Output\\ConsoleOutput))
#70 /home/haru/Desktop/projects/prs/vendor/laravel/framework/src/Illuminate/Foundation/Application.php(1235): Illuminate\\Foundation\\Console\\Kernel->handle(Object(Symfony\\Component\\Console\\Input\\ArgvInput), Object(Symfony\\Component\\Console\\Output\\ConsoleOutput))
#71 /home/haru/Desktop/projects/prs/artisan(16): Illuminate\\Foundation\\Application->handleCommand(Object(Symfony\\Component\\Console\\Input\\ArgvInput))
#72 {main}

[previous exception] [object] (GuzzleHttp\\Exception\\ConnectException(code: 0): cURL error 6: Could not resolve host: carbone (see https://curl.haxx.se/libcurl/c/libcurl-errors.html) for http://carbone:4000/render/template?download=true at /home/haru/Desktop/projects/prs/vendor/guzzlehttp/guzzle/src/Handler/CurlFactory.php:277)
[stacktrace]
#0 /home/haru/Desktop/projects/prs/vendor/guzzlehttp/guzzle/src/Handler/CurlFactory.php(207): GuzzleHttp\\Handler\\CurlFactory::createRejection(Object(GuzzleHttp\\Handler\\EasyHandle), Array)
#1 /home/haru/Desktop/projects/prs/vendor/guzzlehttp/guzzle/src/Handler/CurlFactory.php(159): GuzzleHttp\\Handler\\CurlFactory::finishError(Object(GuzzleHttp\\Handler\\CurlHandler), Object(GuzzleHttp\\Handler\\EasyHandle), Object(GuzzleHttp\\Handler\\CurlFactory))
#2 /home/haru/Desktop/projects/prs/vendor/guzzlehttp/guzzle/src/Handler/CurlHandler.php(47): GuzzleHttp\\Handler\\CurlFactory::finish(Object(GuzzleHttp\\Handler\\CurlHandler), Object(GuzzleHttp\\Handler\\EasyHandle), Object(GuzzleHttp\\Handler\\CurlFactory))
#3 /home/haru/Desktop/projects/prs/vendor/guzzlehttp/guzzle/src/Handler/Proxy.php(28): GuzzleHttp\\Handler\\CurlHandler->__invoke(Object(GuzzleHttp\\Psr7\\Request), Array)
#4 /home/haru/Desktop/projects/prs/vendor/guzzlehttp/guzzle/src/Handler/Proxy.php(48): GuzzleHttp\\Handler\\Proxy::{closure:GuzzleHttp\\Handler\\Proxy::wrapSync():27}(Object(GuzzleHttp\\Psr7\\Request), Array)
#5 /home/haru/Desktop/projects/prs/vendor/laravel/framework/src/Illuminate/Http/Client/PendingRequest.php(1523): GuzzleHttp\\Handler\\Proxy::{closure:GuzzleHttp\\Handler\\Proxy::wrapStreaming():47}(Object(GuzzleHttp\\Psr7\\Request), Array)
#6 /home/haru/Desktop/projects/prs/vendor/laravel/framework/src/Illuminate/Http/Client/PendingRequest.php(1480): Illuminate\\Http\\Client\\PendingRequest->{closure:{closure:Illuminate\\Http\\Client\\PendingRequest::buildStubHandler():1505}:1506}(Object(GuzzleHttp\\Psr7\\Request), Array)
#7 /home/haru/Desktop/projects/prs/vendor/laravel/framework/src/Illuminate/Http/Client/PendingRequest.php(1466): Illuminate\\Http\\Client\\PendingRequest->{closure:{closure:Illuminate\\Http\\Client\\PendingRequest::buildRecorderHandler():1478}:1479}(Object(GuzzleHttp\\Psr7\\Request), Array)
#8 /home/haru/Desktop/projects/prs/vendor/guzzlehttp/guzzle/src/PrepareBodyMiddleware.php(64): Illuminate\\Http\\Client\\PendingRequest->{closure:{closure:Illuminate\\Http\\Client\\PendingRequest::buildBeforeSendingHandler():1464}:1465}(Object(GuzzleHttp\\Psr7\\Request), Array)
#9 /home/haru/Desktop/projects/prs/vendor/guzzlehttp/guzzle/src/Middleware.php(38): GuzzleHttp\\PrepareBodyMiddleware->__invoke(Object(GuzzleHttp\\Psr7\\Request), Array)
#10 /home/haru/Desktop/projects/prs/vendor/guzzlehttp/guzzle/src/RedirectMiddleware.php(71): GuzzleHttp\\Middleware::{closure:{closure:GuzzleHttp\\Middleware::cookies():28}:29}(Object(GuzzleHttp\\Psr7\\Request), Array)
#11 /home/haru/Desktop/projects/prs/vendor/guzzlehttp/guzzle/src/Middleware.php(63): GuzzleHttp\\RedirectMiddleware->__invoke(Object(GuzzleHttp\\Psr7\\Request), Array)
#12 /home/haru/Desktop/projects/prs/vendor/guzzlehttp/guzzle/src/HandlerStack.php(75): GuzzleHttp\\Middleware::{closure:{closure:GuzzleHttp\\Middleware::httpErrors():60}:61}(Object(GuzzleHttp\\Psr7\\Request), Array)
#13 /home/haru/Desktop/projects/prs/vendor/guzzlehttp/guzzle/src/Client.php(333): GuzzleHttp\\HandlerStack->__invoke(Object(GuzzleHttp\\Psr7\\Request), Array)
#14 /home/haru/Desktop/projects/prs/vendor/guzzlehttp/guzzle/src/Client.php(169): GuzzleHttp\\Client->transfer(Object(GuzzleHttp\\Psr7\\Request), Array)
#15 /home/haru/Desktop/projects/prs/vendor/guzzlehttp/guzzle/src/Client.php(189): GuzzleHttp\\Client->requestAsync('POST', Object(GuzzleHttp\\Psr7\\Uri), Array)
#16 /home/haru/Desktop/projects/prs/vendor/laravel/framework/src/Illuminate/Http/Client/PendingRequest.php(1306): GuzzleHttp\\Client->request('POST', 'http://carbone:...', Array)
#17 /home/haru/Desktop/projects/prs/vendor/laravel/framework/src/Illuminate/Http/Client/PendingRequest.php(1043): Illuminate\\Http\\Client\\PendingRequest->sendRequest('POST', 'http://carbone:...', Array)
#18 /home/haru/Desktop/projects/prs/vendor/laravel/framework/src/Illuminate/Support/helpers.php(328): Illuminate\\Http\\Client\\PendingRequest->{closure:Illuminate\\Http\\Client\\PendingRequest::send():1041}(1)
#19 /home/haru/Desktop/projects/prs/vendor/laravel/framework/src/Illuminate/Http/Client/PendingRequest.php(1041): retry(0, Object(Closure), 100, Object(Closure))
#20 /home/haru/Desktop/projects/prs/vendor/laravel/framework/src/Illuminate/Http/Client/PendingRequest.php(885): Illuminate\\Http\\Client\\PendingRequest->send('POST', 'http://carbone:...', Array)
#21 /home/haru/Desktop/projects/prs/app/Services/CarboneClient.php(19): Illuminate\\Http\\Client\\PendingRequest->post('/render/templat...', Array)
#22 /home/haru/Desktop/projects/prs/app/Services/DocxTemplateProcessor.php(72): App\\Services\\CarboneClient->render('PK\\x03\\x04\\x14\\x00\\x00\\x00\\x08\\x00\\xB1d\\xE6\\\\\\xEE...', Array)
#23 /home/haru/Desktop/projects/prs/app/Pdf/BuildPaymentRequestFormPdf.php(48): App\\Services\\DocxTemplateProcessor->renderPaymentRequestForm(Object(App\\Models\\Document), Object(App\\Models\\PaymentRequestForm))
#24 /home/haru/Desktop/projects/prs/app/Listeners/SnapshotPaymentRequestFormFinalDocument.php(31): App\\Pdf\\BuildPaymentRequestFormPdf->build(Object(App\\Models\\PaymentRequestForm))
#25 /home/haru/Desktop/projects/prs/vendor/laravel/framework/src/Illuminate/Events/Dispatcher.php(518): App\\Listeners\\SnapshotPaymentRequestFormFinalDocument->handle(Object(App\\Events\\Workflow\\WorkflowCompleted))
#26 /home/haru/Desktop/projects/prs/vendor/laravel/framework/src/Illuminate/Events/Dispatcher.php(328): Illuminate\\Events\\Dispatcher->{closure:Illuminate\\Events\\Dispatcher::createClassListener():511}('App\\\\Events\\\\Work...', Array)
#27 /home/haru/Desktop/projects/prs/vendor/laravel/framework/src/Illuminate/Events/Dispatcher.php(308): Illuminate\\Events\\Dispatcher->invokeListeners('App\\\\Events\\\\Work...', Array, false)
#28 /home/haru/Desktop/projects/prs/vendor/laravel/framework/src/Illuminate/Foundation/helpers.php(505): Illuminate\\Events\\Dispatcher->dispatch(Object(App\\Events\\Workflow\\WorkflowCompleted))
#29 /home/haru/Desktop/projects/prs/vendor/laravel/framework/src/Illuminate/Foundation/Events/Dispatchable.php(15): event(Object(App\\Events\\Workflow\\WorkflowCompleted))
#30 /home/haru/Desktop/projects/prs/app/Services/Workflow/WorkflowEngine.php(428): App\\Events\\Workflow\\WorkflowCompleted::dispatch(Object(App\\Models\\WorkflowInstance))
#31 /home/haru/Desktop/projects/prs/app/Services/Workflow/WorkflowEngine.php(486): App\\Services\\Workflow\\WorkflowEngine->{closure:App\\Services\\Workflow\\WorkflowEngine::advance():428}()
#32 /home/haru/Desktop/projects/prs/app/Services/Workflow/WorkflowEngine.php(249): App\\Services\\Workflow\\WorkflowEngine->runAfterCommit(Array)
#33 /home/haru/Desktop/projects/prs/app/Services/Workflow/WorkflowManager.php(73): App\\Services\\Workflow\\WorkflowEngine->act(Object(App\\Models\\WorkflowInstance), Object(App\\Models\\PaymentRequestForm), Object(App\\Models\\User), App\\Enums\\WorkflowActionType::Approve, 'Approved by see...')
#34 /home/haru/Desktop/projects/prs/database/seeders/PaymentRequestFormSeeder.php(166): App\\Services\\Workflow\\WorkflowManager->act(Object(App\\Models\\PaymentRequestForm), Object(App\\Models\\User), App\\Enums\\WorkflowActionType::Approve, 'Approved by see...')
#35 /home/haru/Desktop/projects/prs/database/seeders/PaymentRequestFormSeeder.php(122): Database\\Seeders\\PaymentRequestFormSeeder->completeActiveStep(Object(App\\Models\\PaymentRequestForm))
#36 /home/haru/Desktop/projects/prs/database/seeders/PaymentRequestFormSeeder.php(261): Database\\Seeders\\PaymentRequestFormSeeder->approveSteps(Object(App\\Models\\PaymentRequestForm), 4)
#37 /home/haru/Desktop/projects/prs/database/seeders/PaymentRequestFormSeeder.php(65): Database\\Seeders\\PaymentRequestFormSeeder->seedScenario5_ApprovedRecurringChemicalSupply()
#38 /home/haru/Desktop/projects/prs/vendor/laravel/framework/src/Illuminate/Database/Concerns/ManagesTransactions.php(35): Database\\Seeders\\PaymentRequestFormSeeder->{closure:Database\\Seeders\\PaymentRequestFormSeeder::run():60}(Object(Illuminate\\Database\\SQLiteConnection))
#39 /home/haru/Desktop/projects/prs/vendor/laravel/framework/src/Illuminate/Database/DatabaseManager.php(493): Illuminate\\Database\\Connection->transaction(Object(Closure))
#40 /home/haru/Desktop/projects/prs/vendor/laravel/framework/src/Illuminate/Support/Facades/Facade.php(363): Illuminate\\Database\\DatabaseManager->__call('transaction', Array)
#41 /home/haru/Desktop/projects/prs/database/seeders/PaymentRequestFormSeeder.php(60): Illuminate\\Support\\Facades\\Facade::__callStatic('transaction', Array)
#42 /home/haru/Desktop/projects/prs/vendor/laravel/framework/src/Illuminate/Container/BoundMethod.php(36): Database\\Seeders\\PaymentRequestFormSeeder->run()
#43 /home/haru/Desktop/projects/prs/vendor/laravel/framework/src/Illuminate/Container/Util.php(43): Illuminate\\Container\\BoundMethod::{closure:Illuminate\\Container\\BoundMethod::call():35}()
#44 /home/haru/Desktop/projects/prs/vendor/laravel/framework/src/Illuminate/Container/BoundMethod.php(96): Illuminate\\Container\\Util::unwrapIfClosure(Object(Closure))
#45 /home/haru/Desktop/projects/prs/vendor/laravel/framework/src/Illuminate/Container/BoundMethod.php(35): Illuminate\\Container\\BoundMethod::callBoundMethod(Object(Illuminate\\Foundation\\Application), Array, Object(Closure))
#46 /home/haru/Desktop/projects/prs/vendor/laravel/framework/src/Illuminate/Container/Container.php(799): Illuminate\\Container\\BoundMethod::call(Object(Illuminate\\Foundation\\Application), Array, Array, NULL)
#47 /home/haru/Desktop/projects/prs/vendor/laravel/framework/src/Illuminate/Database/Seeder.php(184): Illuminate\\Container\\Container->call(Array, Array)
#48 /home/haru/Desktop/projects/prs/vendor/laravel/framework/src/Illuminate/Database/Seeder.php(193): Illuminate\\Database\\Seeder->{closure:Illuminate\\Database\\Seeder::__invoke():183}()
#49 /home/haru/Desktop/projects/prs/vendor/laravel/framework/src/Illuminate/Database/Seeder.php(59): Illuminate\\Database\\Seeder->__invoke(Array)
#50 /home/haru/Desktop/projects/prs/database/seeders/DatabaseSeeder.php(14): Illuminate\\Database\\Seeder->call('Database\\\\Seeder...')
#51 /home/haru/Desktop/projects/prs/vendor/laravel/framework/src/Illuminate/Container/BoundMethod.php(36): Database\\Seeders\\DatabaseSeeder->run()
#52 /home/haru/Desktop/projects/prs/vendor/laravel/framework/src/Illuminate/Container/Util.php(43): Illuminate\\Container\\BoundMethod::{closure:Illuminate\\Container\\BoundMethod::call():35}()
#53 /home/haru/Desktop/projects/prs/vendor/laravel/framework/src/Illuminate/Container/BoundMethod.php(96): Illuminate\\Container\\Util::unwrapIfClosure(Object(Closure))
#54 /home/haru/Desktop/projects/prs/vendor/laravel/framework/src/Illuminate/Container/BoundMethod.php(35): Illuminate\\Container\\BoundMethod::callBoundMethod(Object(Illuminate\\Foundation\\Application), Array, Object(Closure))
#55 /home/haru/Desktop/projects/prs/vendor/laravel/framework/src/Illuminate/Container/Container.php(799): Illuminate\\Container\\BoundMethod::call(Object(Illuminate\\Foundation\\Application), Array, Array, NULL)
#56 /home/haru/Desktop/projects/prs/vendor/laravel/framework/src/Illuminate/Database/Seeder.php(184): Illuminate\\Container\\Container->call(Array, Array)
#57 /home/haru/Desktop/projects/prs/vendor/laravel/framework/src/Illuminate/Database/Seeder.php(193): Illuminate\\Database\\Seeder->{closure:Illuminate\\Database\\Seeder::__invoke():183}()
#58 /home/haru/Desktop/projects/prs/vendor/laravel/framework/src/Illuminate/Database/Console/Seeds/SeedCommand.php(71): Illuminate\\Database\\Seeder->__invoke()
#59 /home/haru/Desktop/projects/prs/vendor/laravel/framework/src/Illuminate/Database/Eloquent/Concerns/GuardsAttributes.php(183): Illuminate\\Database\\Console\\Seeds\\SeedCommand->{closure:Illuminate\\Database\\Console\\Seeds\\SeedCommand::handle():70}()
#60 /home/haru/Desktop/projects/prs/vendor/laravel/framework/src/Illuminate/Database/Console/Seeds/SeedCommand.php(70): Illuminate\\Database\\Eloquent\\Model::unguarded(Object(Closure))
#61 /home/haru/Desktop/projects/prs/vendor/laravel/framework/src/Illuminate/Container/BoundMethod.php(36): Illuminate\\Database\\Console\\Seeds\\SeedCommand->handle()
#62 /home/haru/Desktop/projects/prs/vendor/laravel/framework/src/Illuminate/Container/Util.php(43): Illuminate\\Container\\BoundMethod::{closure:Illuminate\\Container\\BoundMethod::call():35}()
#63 /home/haru/Desktop/projects/prs/vendor/laravel/framework/src/Illuminate/Container/BoundMethod.php(96): Illuminate\\Container\\Util::unwrapIfClosure(Object(Closure))
#64 /home/haru/Desktop/projects/prs/vendor/laravel/framework/src/Illuminate/Container/BoundMethod.php(35): Illuminate\\Container\\BoundMethod::callBoundMethod(Object(Illuminate\\Foundation\\Application), Array, Object(Closure))
#65 /home/haru/Desktop/projects/prs/vendor/laravel/framework/src/Illuminate/Container/Container.php(799): Illuminate\\Container\\BoundMethod::call(Object(Illuminate\\Foundation\\Application), Array, Array, NULL)
#66 /home/haru/Desktop/projects/prs/vendor/laravel/framework/src/Illuminate/Console/Command.php(273): Illuminate\\Container\\Container->call(Array)
#67 /home/haru/Desktop/projects/prs/vendor/symfony/console/Command/Command.php(291): Illuminate\\Console\\Command->execute(Object(Symfony\\Component\\Console\\Input\\ArrayInput), Object(Illuminate\\Console\\OutputStyle))
#68 /home/haru/Desktop/projects/prs/vendor/laravel/framework/src/Illuminate/Console/Command.php(242): Symfony\\Component\\Console\\Command\\Command->run(Object(Symfony\\Component\\Console\\Input\\ArrayInput), Object(Illuminate\\Console\\OutputStyle))
#69 /home/haru/Desktop/projects/prs/vendor/laravel/framework/src/Illuminate/Console/Concerns/CallsCommands.php(68): Illuminate\\Console\\Command->run(Object(Symfony\\Component\\Console\\Input\\ArrayInput), Object(Illuminate\\Console\\OutputStyle))
#70 /home/haru/Desktop/projects/prs/vendor/laravel/framework/src/Illuminate/Console/Concerns/CallsCommands.php(29): Illuminate\\Console\\Command->runCommand('db:seed', Array, Object(Illuminate\\Console\\OutputStyle))
#71 /home/haru/Desktop/projects/prs/vendor/laravel/framework/src/Illuminate/Database/Console/Migrations/MigrateCommand.php(127): Illuminate\\Console\\Command->call('db:seed', Array)
#72 /home/haru/Desktop/projects/prs/vendor/laravel/framework/src/Illuminate/Database/Migrations/Migrator.php(671): Illuminate\\Database\\Console\\Migrations\\MigrateCommand->{closure:Illuminate\\Database\\Console\\Migrations\\MigrateCommand::runMigrations():111}()
#73 /home/haru/Desktop/projects/prs/vendor/laravel/framework/src/Illuminate/Database/Console/Migrations/MigrateCommand.php(111): Illuminate\\Database\\Migrations\\Migrator->usingConnection(NULL, Object(Closure))
#74 /home/haru/Desktop/projects/prs/vendor/laravel/framework/src/Illuminate/Database/Console/Migrations/MigrateCommand.php(90): Illuminate\\Database\\Console\\Migrations\\MigrateCommand->runMigrations()
#75 /home/haru/Desktop/projects/prs/vendor/laravel/framework/src/Illuminate/Container/BoundMethod.php(36): Illuminate\\Database\\Console\\Migrations\\MigrateCommand->handle()
#76 /home/haru/Desktop/projects/prs/vendor/laravel/framework/src/Illuminate/Container/Util.php(43): Illuminate\\Container\\BoundMethod::{closure:Illuminate\\Container\\BoundMethod::call():35}()
#77 /home/haru/Desktop/projects/prs/vendor/laravel/framework/src/Illuminate/Container/BoundMethod.php(96): Illuminate\\Container\\Util::unwrapIfClosure(Object(Closure))
#78 /home/haru/Desktop/projects/prs/vendor/laravel/framework/src/Illuminate/Container/BoundMethod.php(35): Illuminate\\Container\\BoundMethod::callBoundMethod(Object(Illuminate\\Foundation\\Application), Array, Object(Closure))
#79 /home/haru/Desktop/projects/prs/vendor/laravel/framework/src/Illuminate/Container/Container.php(799): Illuminate\\Container\\BoundMethod::call(Object(Illuminate\\Foundation\\Application), Array, Array, NULL)
#80 /home/haru/Desktop/projects/prs/vendor/laravel/framework/src/Illuminate/Console/Command.php(273): Illuminate\\Container\\Container->call(Array)
#81 /home/haru/Desktop/projects/prs/vendor/symfony/console/Command/Command.php(291): Illuminate\\Console\\Command->execute(Object(Symfony\\Component\\Console\\Input\\ArgvInput), Object(Illuminate\\Console\\OutputStyle))
#82 /home/haru/Desktop/projects/prs/vendor/laravel/framework/src/Illuminate/Console/Command.php(242): Symfony\\Component\\Console\\Command\\Command->run(Object(Symfony\\Component\\Console\\Input\\ArgvInput), Object(Illuminate\\Console\\OutputStyle))
#83 /home/haru/Desktop/projects/prs/vendor/symfony/console/Application.php(1107): Illuminate\\Console\\Command->run(Object(Symfony\\Component\\Console\\Input\\ArgvInput), Object(Symfony\\Component\\Console\\Output\\ConsoleOutput))
#84 /home/haru/Desktop/projects/prs/vendor/symfony/console/Application.php(356): Symfony\\Component\\Console\\Application->doRunCommand(Object(Illuminate\\Database\\Console\\Migrations\\MigrateCommand), Object(Symfony\\Component\\Console\\Input\\ArgvInput), Object(Symfony\\Component\\Console\\Output\\ConsoleOutput))
#85 /home/haru/Desktop/projects/prs/vendor/symfony/console/Application.php(195): Symfony\\Component\\Console\\Application->doRun(Object(Symfony\\Component\\Console\\Input\\ArgvInput), Object(Symfony\\Component\\Console\\Output\\ConsoleOutput))
#86 /home/haru/Desktop/projects/prs/vendor/laravel/framework/src/Illuminate/Foundation/Console/Kernel.php(198): Symfony\\Component\\Console\\Application->run(Object(Symfony\\Component\\Console\\Input\\ArgvInput), Object(Symfony\\Component\\Console\\Output\\ConsoleOutput))
#87 /home/haru/Desktop/projects/prs/vendor/laravel/framework/src/Illuminate/Foundation/Application.php(1235): Illuminate\\Foundation\\Console\\Kernel->handle(Object(Symfony\\Component\\Console\\Input\\ArgvInput), Object(Symfony\\Component\\Console\\Output\\ConsoleOutput))
#88 /home/haru/Desktop/projects/prs/artisan(16): Illuminate\\Foundation\\Application->handleCommand(Object(Symfony\\Component\\Console\\Input\\ArgvInput))
#89 {main}
"} 
[2026-07-13 04:43:59] testing.ERROR: SQLSTATE[HY000]: General error: 1 near "ilike": syntax error (Connection: sqlite, Database: testing, SQL: select count(*) as aggregate from "users" where ("name" ilike %john% or "email" ilike %john%)) {"userId":1,"exception":"[object] (Illuminate\\Database\\QueryException(code: HY000): SQLSTATE[HY000]: General error: 1 near \"ilike\": syntax error (Connection: sqlite, Database: testing, SQL: select count(*) as aggregate from \"users\" where (\"name\" ilike %john% or \"email\" ilike %john%)) at /home/haru/Desktop/projects/prs/vendor/laravel/framework/src/Illuminate/Database/Connection.php:841)
[stacktrace]
#0 /home/haru/Desktop/projects/prs/vendor/laravel/framework/src/Illuminate/Database/Connection.php(797): Illuminate\\Database\\Connection->runQueryCallback('select count(*)...', Array, Object(Closure))
#1 /home/haru/Desktop/projects/prs/vendor/laravel/framework/src/Illuminate/Database/Connection.php(412): Illuminate\\Database\\Connection->run('select count(*)...', Array, Object(Closure))
#2 /home/haru/Desktop/projects/prs/vendor/laravel/framework/src/Illuminate/Database/Query/Builder.php(3562): Illuminate\\Database\\Connection->select('select count(*)...', Array, true, Array)
#3 /home/haru/Desktop/projects/prs/vendor/laravel/framework/src/Illuminate/Database/Query/Builder.php(3546): Illuminate\\Database\\Query\\Builder->runSelect()
#4 /home/haru/Desktop/projects/prs/vendor/laravel/framework/src/Illuminate/Database/Query/Builder.php(3741): Illuminate\\Database\\Query\\Builder->get()
#5 /home/haru/Desktop/projects/prs/vendor/laravel/framework/src/Illuminate/Database/Query/Builder.php(3700): Illuminate\\Database\\Query\\Builder->runPaginationCountQuery(Array)
#6 /home/haru/Desktop/projects/prs/vendor/laravel/framework/src/Illuminate/Database/Eloquent/Builder.php(1125): Illuminate\\Database\\Query\\Builder->getCountForPagination()
#7 /home/haru/Desktop/projects/prs/app/Http/Controllers/Admin/Config/UserConfigController.php(35): Illuminate\\Database\\Eloquent\\Builder->paginate(10)
#8 /home/haru/Desktop/projects/prs/vendor/laravel/framework/src/Illuminate/Routing/ControllerDispatcher.php(46): App\\Http\\Controllers\\Admin\\Config\\UserConfigController->index(Object(Illuminate\\Http\\Request))
#9 /home/haru/Desktop/projects/prs/vendor/laravel/framework/src/Illuminate/Routing/Route.php(269): Illuminate\\Routing\\ControllerDispatcher->dispatch(Object(Illuminate\\Routing\\Route), Object(App\\Http\\Controllers\\Admin\\Config\\UserConfigController), 'index')
#10 /home/haru/Desktop/projects/prs/vendor/laravel/framework/src/Illuminate/Routing/Route.php(215): Illuminate\\Routing\\Route->runController()
#11 /home/haru/Desktop/projects/prs/vendor/laravel/framework/src/Illuminate/Routing/Router.php(822): Illuminate\\Routing\\Route->run()
#12 /home/haru/Desktop/projects/prs/vendor/laravel/framework/src/Illuminate/Pipeline/Pipeline.php(180): Illuminate\\Routing\\Router->{closure:Illuminate\\Routing\\Router::runRouteWithinStack():821}(Object(Illuminate\\Http\\Request))
#13 /home/haru/Desktop/projects/prs/vendor/laravel/framework/src/Illuminate/Auth/Middleware/Authorize.php(59): Illuminate\\Pipeline\\Pipeline->{closure:Illuminate\\Pipeline\\Pipeline::prepareDestination():178}(Object(Illuminate\\Http\\Request))
#14 /home/haru/Desktop/projects/prs/vendor/laravel/framework/src/Illuminate/Pipeline/Pipeline.php(219): Illuminate\\Auth\\Middleware\\Authorize->handle(Object(Illuminate\\Http\\Request), Object(Closure), 'access.users.ma...')
#15 /home/haru/Desktop/projects/prs/app/Http/Middleware/EnsureConfigAccess.php(37): Illuminate\\Pipeline\\Pipeline->{closure:{closure:Illuminate\\Pipeline\\Pipeline::carry():194}:195}(Object(Illuminate\\Http\\Request))
#16 /home/haru/Desktop/projects/prs/vendor/laravel/framework/src/Illuminate/Pipeline/Pipeline.php(219): App\\Http\\Middleware\\EnsureConfigAccess->handle(Object(Illuminate\\Http\\Request), Object(Closure))
#17 /home/haru/Desktop/projects/prs/vendor/laravel/framework/src/Illuminate/Auth/Middleware/EnsureEmailIsVerified.php(41): Illuminate\\Pipeline\\Pipeline->{closure:{closure:Illuminate\\Pipeline\\Pipeline::carry():194}:195}(Object(Illuminate\\Http\\Request))
#18 /home/haru/Desktop/projects/prs/vendor/laravel/framework/src/Illuminate/Pipeline/Pipeline.php(219): Illuminate\\Auth\\Middleware\\EnsureEmailIsVerified->handle(Object(Illuminate\\Http\\Request), Object(Closure))
#19 /home/haru/Desktop/projects/prs/app/Http/Middleware/LogRouteAccess.php(22): Illuminate\\Pipeline\\Pipeline->{closure:{closure:Illuminate\\Pipeline\\Pipeline::carry():194}:195}(Object(Illuminate\\Http\\Request))
#20 /home/haru/Desktop/projects/prs/vendor/laravel/framework/src/Illuminate/Pipeline/Pipeline.php(219): App\\Http\\Middleware\\LogRouteAccess->handle(Object(Illuminate\\Http\\Request), Object(Closure))
#21 /home/haru/Desktop/projects/prs/vendor/laravel/framework/src/Illuminate/Http/Middleware/AddLinkHeadersForPreloadedAssets.php(32): Illuminate\\Pipeline\\Pipeline->{closure:{closure:Illuminate\\Pipeline\\Pipeline::carry():194}:195}(Object(Illuminate\\Http\\Request))
#22 /home/haru/Desktop/projects/prs/vendor/laravel/framework/src/Illuminate/Pipeline/Pipeline.php(219): Illuminate\\Http\\Middleware\\AddLinkHeadersForPreloadedAssets->handle(Object(Illuminate\\Http\\Request), Object(Closure))
#23 /home/haru/Desktop/projects/prs/vendor/inertiajs/inertia-laravel/src/Middleware.php(122): Illuminate\\Pipeline\\Pipeline->{closure:{closure:Illuminate\\Pipeline\\Pipeline::carry():194}:195}(Object(Illuminate\\Http\\Request))
#24 /home/haru/Desktop/projects/prs/vendor/laravel/framework/src/Illuminate/Pipeline/Pipeline.php(219): Inertia\\Middleware->handle(Object(Illuminate\\Http\\Request), Object(Closure))
#25 /home/haru/Desktop/projects/prs/app/Http/Middleware/HandleAppearance.php(21): Illuminate\\Pipeline\\Pipeline->{closure:{closure:Illuminate\\Pipeline\\Pipeline::carry():194}:195}(Object(Illuminate\\Http\\Request))
#26 /home/haru/Desktop/projects/prs/vendor/laravel/framework/src/Illuminate/Pipeline/Pipeline.php(219): App\\Http\\Middleware\\HandleAppearance->handle(Object(Illuminate\\Http\\Request), Object(Closure))
#27 /home/haru/Desktop/projects/prs/vendor/laravel/framework/src/Illuminate/Routing/Middleware/SubstituteBindings.php(52): Illuminate\\Pipeline\\Pipeline->{closure:{closure:Illuminate\\Pipeline\\Pipeline::carry():194}:195}(Object(Illuminate\\Http\\Request))
#28 /home/haru/Desktop/projects/prs/vendor/laravel/framework/src/Illuminate/Pipeline/Pipeline.php(219): Illuminate\\Routing\\Middleware\\SubstituteBindings->handle(Object(Illuminate\\Http\\Request), Object(Closure))
#29 /home/haru/Desktop/projects/prs/vendor/laravel/framework/src/Illuminate/Auth/Middleware/Authenticate.php(63): Illuminate\\Pipeline\\Pipeline->{closure:{closure:Illuminate\\Pipeline\\Pipeline::carry():194}:195}(Object(Illuminate\\Http\\Request))
#30 /home/haru/Desktop/projects/prs/vendor/laravel/framework/src/Illuminate/Pipeline/Pipeline.php(219): Illuminate\\Auth\\Middleware\\Authenticate->handle(Object(Illuminate\\Http\\Request), Object(Closure))
#31 /home/haru/Desktop/projects/prs/vendor/laravel/framework/src/Illuminate/Foundation/Http/Middleware/PreventRequestForgery.php(104): Illuminate\\Pipeline\\Pipeline->{closure:{closure:Illuminate\\Pipeline\\Pipeline::carry():194}:195}(Object(Illuminate\\Http\\Request))
#32 /home/haru/Desktop/projects/prs/vendor/laravel/framework/src/Illuminate/Pipeline/Pipeline.php(219): Illuminate\\Foundation\\Http\\Middleware\\PreventRequestForgery->handle(Object(Illuminate\\Http\\Request), Object(Closure))
#33 /home/haru/Desktop/projects/prs/vendor/laravel/framework/src/Illuminate/View/Middleware/ShareErrorsFromSession.php(48): Illuminate\\Pipeline\\Pipeline->{closure:{closure:Illuminate\\Pipeline\\Pipeline::carry():194}:195}(Object(Illuminate\\Http\\Request))
#34 /home/haru/Desktop/projects/prs/vendor/laravel/framework/src/Illuminate/Pipeline/Pipeline.php(219): Illuminate\\View\\Middleware\\ShareErrorsFromSession->handle(Object(Illuminate\\Http\\Request), Object(Closure))
#35 /home/haru/Desktop/projects/prs/vendor/laravel/framework/src/Illuminate/Session/Middleware/StartSession.php(120): Illuminate\\Pipeline\\Pipeline->{closure:{closure:Illuminate\\Pipeline\\Pipeline::carry():194}:195}(Object(Illuminate\\Http\\Request))
#36 /home/haru/Desktop/projects/prs/vendor/laravel/framework/src/Illuminate/Session/Middleware/StartSession.php(63): Illuminate\\Session\\Middleware\\StartSession->handleStatefulRequest(Object(Illuminate\\Http\\Request), Object(Illuminate\\Session\\Store), Object(Closure))
#37 /home/haru/Desktop/projects/prs/vendor/laravel/framework/src/Illuminate/Pipeline/Pipeline.php(219): Illuminate\\Session\\Middleware\\StartSession->handle(Object(Illuminate\\Http\\Request), Object(Closure))
#38 /home/haru/Desktop/projects/prs/vendor/laravel/framework/src/Illuminate/Cookie/Middleware/AddQueuedCookiesToResponse.php(36): Illuminate\\Pipeline\\Pipeline->{closure:{closure:Illuminate\\Pipeline\\Pipeline::carry():194}:195}(Object(Illuminate\\Http\\Request))
#39 /home/haru/Desktop/projects/prs/vendor/laravel/framework/src/Illuminate/Pipeline/Pipeline.php(219): Illuminate\\Cookie\\Middleware\\AddQueuedCookiesToResponse->handle(Object(Illuminate\\Http\\Request), Object(Closure))
#40 /home/haru/Desktop/projects/prs/vendor/laravel/framework/src/Illuminate/Cookie/Middleware/EncryptCookies.php(74): Illuminate\\Pipeline\\Pipeline->{closure:{closure:Illuminate\\Pipeline\\Pipeline::carry():194}:195}(Object(Illuminate\\Http\\Request))
#41 /home/haru/Desktop/projects/prs/vendor/laravel/framework/src/Illuminate/Pipeline/Pipeline.php(219): Illuminate\\Cookie\\Middleware\\EncryptCookies->handle(Object(Illuminate\\Http\\Request), Object(Closure))
#42 /home/haru/Desktop/projects/prs/vendor/laravel/framework/src/Illuminate/Pipeline/Pipeline.php(137): Illuminate\\Pipeline\\Pipeline->{closure:{closure:Illuminate\\Pipeline\\Pipeline::carry():194}:195}(Object(Illuminate\\Http\\Request))
#43 /home/haru/Desktop/projects/prs/vendor/laravel/framework/src/Illuminate/Routing/Router.php(821): Illuminate\\Pipeline\\Pipeline->then(Object(Closure))
#44 /home/haru/Desktop/projects/prs/vendor/laravel/framework/src/Illuminate/Routing/Router.php(800): Illuminate\\Routing\\Router->runRouteWithinStack(Object(Illuminate\\Routing\\Route), Object(Illuminate\\Http\\Request))
#45 /home/haru/Desktop/projects/prs/vendor/laravel/framework/src/Illuminate/Routing/Router.php(764): Illuminate\\Routing\\Router->runRoute(Object(Illuminate\\Http\\Request), Object(Illuminate\\Routing\\Route))
#46 /home/haru/Desktop/projects/prs/vendor/laravel/framework/src/Illuminate/Routing/Router.php(753): Illuminate\\Routing\\Router->dispatchToRoute(Object(Illuminate\\Http\\Request))
#47 /home/haru/Desktop/projects/prs/vendor/laravel/framework/src/Illuminate/Foundation/Http/Kernel.php(200): Illuminate\\Routing\\Router->dispatch(Object(Illuminate\\Http\\Request))
#48 /home/haru/Desktop/projects/prs/vendor/laravel/framework/src/Illuminate/Pipeline/Pipeline.php(180): Illuminate\\Foundation\\Http\\Kernel->{closure:Illuminate\\Foundation\\Http\\Kernel::dispatchToRouter():197}(Object(Illuminate\\Http\\Request))
#49 /home/haru/Desktop/projects/prs/vendor/laravel/framework/src/Illuminate/Foundation/Http/Middleware/TransformsRequest.php(21): Illuminate\\Pipeline\\Pipeline->{closure:Illuminate\\Pipeline\\Pipeline::prepareDestination():178}(Object(Illuminate\\Http\\Request))
#50 /home/haru/Desktop/projects/prs/vendor/laravel/framework/src/Illuminate/Foundation/Http/Middleware/ConvertEmptyStringsToNull.php(31): Illuminate\\Foundation\\Http\\Middleware\\TransformsRequest->handle(Object(Illuminate\\Http\\Request), Object(Closure))
#51 /home/haru/Desktop/projects/prs/vendor/laravel/framework/src/Illuminate/Pipeline/Pipeline.php(219): Illuminate\\Foundation\\Http\\Middleware\\ConvertEmptyStringsToNull->handle(Object(Illuminate\\Http\\Request), Object(Closure))
#52 /home/haru/Desktop/projects/prs/vendor/laravel/framework/src/Illuminate/Foundation/Http/Middleware/TransformsRequest.php(21): Illuminate\\Pipeline\\Pipeline->{closure:{closure:Illuminate\\Pipeline\\Pipeline::carry():194}:195}(Object(Illuminate\\Http\\Request))
#53 /home/haru/Desktop/projects/prs/vendor/laravel/framework/src/Illuminate/Foundation/Http/Middleware/TrimStrings.php(51): Illuminate\\Foundation\\Http\\Middleware\\TransformsRequest->handle(Object(Illuminate\\Http\\Request), Object(Closure))
#54 /home/haru/Desktop/projects/prs/vendor/laravel/framework/src/Illuminate/Pipeline/Pipeline.php(219): Illuminate\\Foundation\\Http\\Middleware\\TrimStrings->handle(Object(Illuminate\\Http\\Request), Object(Closure))
#55 /home/haru/Desktop/projects/prs/vendor/laravel/framework/src/Illuminate/Http/Middleware/ValidatePostSize.php(27): Illuminate\\Pipeline\\Pipeline->{closure:{closure:Illuminate\\Pipeline\\Pipeline::carry():194}:195}(Object(Illuminate\\Http\\Request))
#56 /home/haru/Desktop/projects/prs/vendor/laravel/framework/src/Illuminate/Pipeline/Pipeline.php(219): Illuminate\\Http\\Middleware\\ValidatePostSize->handle(Object(Illuminate\\Http\\Request), Object(Closure))
#57 /home/haru/Desktop/projects/prs/vendor/laravel/framework/src/Illuminate/Foundation/Http/Middleware/PreventRequestsDuringMaintenance.php(109): Illuminate\\Pipeline\\Pipeline->{closure:{closure:Illuminate\\Pipeline\\Pipeline::carry():194}:195}(Object(Illuminate\\Http\\Request))
#58 /home/haru/Desktop/projects/prs/vendor/laravel/framework/src/Illuminate/Pipeline/Pipeline.php(219): Illuminate\\Foundation\\Http\\Middleware\\PreventRequestsDuringMaintenance->handle(Object(Illuminate\\Http\\Request), Object(Closure))
#59 /home/haru/Desktop/projects/prs/vendor/laravel/framework/src/Illuminate/Http/Middleware/HandleCors.php(61): Illuminate\\Pipeline\\Pipeline->{closure:{closure:Illuminate\\Pipeline\\Pipeline::carry():194}:195}(Object(Illuminate\\Http\\Request))
#60 /home/haru/Desktop/projects/prs/vendor/laravel/framework/src/Illuminate/Pipeline/Pipeline.php(219): Illuminate\\Http\\Middleware\\HandleCors->handle(Object(Illuminate\\Http\\Request), Object(Closure))
#61 /home/haru/Desktop/projects/prs/vendor/laravel/framework/src/Illuminate/Http/Middleware/TrustProxies.php(58): Illuminate\\Pipeline\\Pipeline->{closure:{closure:Illuminate\\Pipeline\\Pipeline::carry():194}:195}(Object(Illuminate\\Http\\Request))
#62 /home/haru/Desktop/projects/prs/vendor/laravel/framework/src/Illuminate/Pipeline/Pipeline.php(219): Illuminate\\Http\\Middleware\\TrustProxies->handle(Object(Illuminate\\Http\\Request), Object(Closure))
#63 /home/haru/Desktop/projects/prs/vendor/laravel/framework/src/Illuminate/Foundation/Http/Middleware/InvokeDeferredCallbacks.php(22): Illuminate\\Pipeline\\Pipeline->{closure:{closure:Illuminate\\Pipeline\\Pipeline::carry():194}:195}(Object(Illuminate\\Http\\Request))
#64 /home/haru/Desktop/projects/prs/vendor/laravel/framework/src/Illuminate/Pipeline/Pipeline.php(219): Illuminate\\Foundation\\Http\\Middleware\\InvokeDeferredCallbacks->handle(Object(Illuminate\\Http\\Request), Object(Closure))
#65 /home/haru/Desktop/projects/prs/vendor/laravel/framework/src/Illuminate/Http/Middleware/ValidatePathEncoding.php(28): Illuminate\\Pipeline\\Pipeline->{closure:{closure:Illuminate\\Pipeline\\Pipeline::carry():194}:195}(Object(Illuminate\\Http\\Request))
#66 /home/haru/Desktop/projects/prs/vendor/laravel/framework/src/Illuminate/Pipeline/Pipeline.php(219): Illuminate\\Http\\Middleware\\ValidatePathEncoding->handle(Object(Illuminate\\Http\\Request), Object(Closure))
#67 /home/haru/Desktop/projects/prs/vendor/laravel/framework/src/Illuminate/Pipeline/Pipeline.php(137): Illuminate\\Pipeline\\Pipeline->{closure:{closure:Illuminate\\Pipeline\\Pipeline::carry():194}:195}(Object(Illuminate\\Http\\Request))
#68 /home/haru/Desktop/projects/prs/vendor/laravel/framework/src/Illuminate/Foundation/Http/Kernel.php(175): Illuminate\\Pipeline\\Pipeline->then(Object(Closure))
#69 /home/haru/Desktop/projects/prs/vendor/laravel/framework/src/Illuminate/Foundation/Http/Kernel.php(144): Illuminate\\Foundation\\Http\\Kernel->sendRequestThroughRouter(Object(Illuminate\\Http\\Request))
#70 /home/haru/Desktop/projects/prs/vendor/laravel/framework/src/Illuminate/Foundation/Testing/Concerns/MakesHttpRequests.php(607): Illuminate\\Foundation\\Http\\Kernel->handle(Object(Illuminate\\Http\\Request))
#71 /home/haru/Desktop/projects/prs/vendor/laravel/framework/src/Illuminate/Foundation/Testing/Concerns/MakesHttpRequests.php(368): Illuminate\\Foundation\\Testing\\TestCase->call('GET', 'http://localhos...', Array, Array, Array, Array)
#72 /home/haru/Desktop/projects/prs/tests/Feature/CrossCutting/UserConfigUpdateTest.php(100): Illuminate\\Foundation\\Testing\\TestCase->get('http://localhos...')
#73 /home/haru/Desktop/projects/prs/vendor/pestphp/pest/src/Factories/TestCaseMethodFactory.php(172): P\\Tests\\Feature\\CrossCutting\\UserConfigUpdateTest->{closure:/home/haru/Desktop/projects/prs/tests/Feature/CrossCutting/UserConfigUpdateTest.php:95}()
#74 [internal function]: P\\Tests\\Feature\\CrossCutting\\UserConfigUpdateTest->{closure:Pest\\Factories\\TestCaseMethodFactory::getClosure():162}()
#75 /home/haru/Desktop/projects/prs/vendor/pestphp/pest/src/Concerns/Testable.php(429): call_user_func_array(Object(Closure), Array)
#76 /home/haru/Desktop/projects/prs/vendor/pestphp/pest/src/Support/ExceptionTrace.php(26): P\\Tests\\Feature\\CrossCutting\\UserConfigUpdateTest->{closure:Pest\\Concerns\\Testable::__callClosure():429}()
#77 /home/haru/Desktop/projects/prs/vendor/pestphp/pest/src/Concerns/Testable.php(429): Pest\\Support\\ExceptionTrace::ensure(Object(Closure))
#78 /home/haru/Desktop/projects/prs/vendor/pestphp/pest/src/Concerns/Testable.php(331): P\\Tests\\Feature\\CrossCutting\\UserConfigUpdateTest->__callClosure(Object(Closure), Array)
#79 /home/haru/Desktop/projects/prs/vendor/pestphp/pest/src/Factories/TestCaseFactory.php(170) : eval()'d code(53): P\\Tests\\Feature\\CrossCutting\\UserConfigUpdateTest->__runTest(Object(Closure))
#80 /home/haru/Desktop/projects/prs/vendor/phpunit/phpunit/src/Framework/TestCase.php(1332): P\\Tests\\Feature\\CrossCutting\\UserConfigUpdateTest->__pest_evaluable_user_search_is_case_insensitive()
#81 /home/haru/Desktop/projects/prs/vendor/phpunit/phpunit/src/Framework/TestCase.php(519): PHPUnit\\Framework\\TestCase->runTest()
#82 /home/haru/Desktop/projects/prs/vendor/phpunit/phpunit/src/Framework/TestRunner/TestRunner.php(99): PHPUnit\\Framework\\TestCase->runBare()
#83 /home/haru/Desktop/projects/prs/vendor/phpunit/phpunit/src/Framework/TestCase.php(359): PHPUnit\\Framework\\TestRunner->run(Object(P\\Tests\\Feature\\CrossCutting\\UserConfigUpdateTest))
#84 /home/haru/Desktop/projects/prs/vendor/phpunit/phpunit/src/Framework/TestSuite.php(374): PHPUnit\\Framework\\TestCase->run()
#85 /home/haru/Desktop/projects/prs/vendor/phpunit/phpunit/src/Framework/TestSuite.php(374): PHPUnit\\Framework\\TestSuite->run()
#86 /home/haru/Desktop/projects/prs/vendor/phpunit/phpunit/src/Framework/TestSuite.php(374): PHPUnit\\Framework\\TestSuite->run()
#87 /home/haru/Desktop/projects/prs/vendor/phpunit/phpunit/src/TextUI/TestRunner.php(64): PHPUnit\\Framework\\TestSuite->run()
#88 /home/haru/Desktop/projects/prs/vendor/phpunit/phpunit/src/TextUI/Application.php(229): PHPUnit\\TextUI\\TestRunner->run(Object(PHPUnit\\TextUI\\Configuration\\Configuration), Object(PHPUnit\\Runner\\ResultCache\\DefaultResultCache), Object(PHPUnit\\Framework\\TestSuite))
#89 /home/haru/Desktop/projects/prs/vendor/pestphp/pest/src/Kernel.php(103): PHPUnit\\TextUI\\Application->run(Array)
#90 /home/haru/Desktop/projects/prs/vendor/pestphp/pest/bin/pest(184): Pest\\Kernel->handle(Array, Array)
#91 /home/haru/Desktop/projects/prs/vendor/pestphp/pest/bin/pest(192): {closure:/home/haru/Desktop/projects/prs/vendor/pestphp/pest/bin/pest:18}()
#92 {main}

[previous exception] [object] (PDOException(code: HY000): SQLSTATE[HY000]: General error: 1 near \"ilike\": syntax error at /home/haru/Desktop/projects/prs/vendor/laravel/framework/src/Illuminate/Database/Connection.php:421)
[stacktrace]
#0 /home/haru/Desktop/projects/prs/vendor/laravel/framework/src/Illuminate/Database/Connection.php(421): PDO->prepare('select count(*)...')
#1 /home/haru/Desktop/projects/prs/vendor/laravel/framework/src/Illuminate/Database/Connection.php(830): Illuminate\\Database\\Connection->{closure:Illuminate\\Database\\Connection::select():412}('select count(*)...', Array)
#2 /home/haru/Desktop/projects/prs/vendor/laravel/framework/src/Illuminate/Database/Connection.php(797): Illuminate\\Database\\Connection->runQueryCallback('select count(*)...', Array, Object(Closure))
#3 /home/haru/Desktop/projects/prs/vendor/laravel/framework/src/Illuminate/Database/Connection.php(412): Illuminate\\Database\\Connection->run('select count(*)...', Array, Object(Closure))
#4 /home/haru/Desktop/projects/prs/vendor/laravel/framework/src/Illuminate/Database/Query/Builder.php(3562): Illuminate\\Database\\Connection->select('select count(*)...', Array, true, Array)
#5 /home/haru/Desktop/projects/prs/vendor/laravel/framework/src/Illuminate/Database/Query/Builder.php(3546): Illuminate\\Database\\Query\\Builder->runSelect()
#6 /home/haru/Desktop/projects/prs/vendor/laravel/framework/src/Illuminate/Database/Query/Builder.php(3741): Illuminate\\Database\\Query\\Builder->get()
#7 /home/haru/Desktop/projects/prs/vendor/laravel/framework/src/Illuminate/Database/Query/Builder.php(3700): Illuminate\\Database\\Query\\Builder->runPaginationCountQuery(Array)
#8 /home/haru/Desktop/projects/prs/vendor/laravel/framework/src/Illuminate/Database/Eloquent/Builder.php(1125): Illuminate\\Database\\Query\\Builder->getCountForPagination()
#9 /home/haru/Desktop/projects/prs/app/Http/Controllers/Admin/Config/UserConfigController.php(35): Illuminate\\Database\\Eloquent\\Builder->paginate(10)
#10 /home/haru/Desktop/projects/prs/vendor/laravel/framework/src/Illuminate/Routing/ControllerDispatcher.php(46): App\\Http\\Controllers\\Admin\\Config\\UserConfigController->index(Object(Illuminate\\Http\\Request))
#11 /home/haru/Desktop/projects/prs/vendor/laravel/framework/src/Illuminate/Routing/Route.php(269): Illuminate\\Routing\\ControllerDispatcher->dispatch(Object(Illuminate\\Routing\\Route), Object(App\\Http\\Controllers\\Admin\\Config\\UserConfigController), 'index')
#12 /home/haru/Desktop/projects/prs/vendor/laravel/framework/src/Illuminate/Routing/Route.php(215): Illuminate\\Routing\\Route->runController()
#13 /home/haru/Desktop/projects/prs/vendor/laravel/framework/src/Illuminate/Routing/Router.php(822): Illuminate\\Routing\\Route->run()
#14 /home/haru/Desktop/projects/prs/vendor/laravel/framework/src/Illuminate/Pipeline/Pipeline.php(180): Illuminate\\Routing\\Router->{closure:Illuminate\\Routing\\Router::runRouteWithinStack():821}(Object(Illuminate\\Http\\Request))
#15 /home/haru/Desktop/projects/prs/vendor/laravel/framework/src/Illuminate/Auth/Middleware/Authorize.php(59): Illuminate\\Pipeline\\Pipeline->{closure:Illuminate\\Pipeline\\Pipeline::prepareDestination():178}(Object(Illuminate\\Http\\Request))
#16 /home/haru/Desktop/projects/prs/vendor/laravel/framework/src/Illuminate/Pipeline/Pipeline.php(219): Illuminate\\Auth\\Middleware\\Authorize->handle(Object(Illuminate\\Http\\Request), Object(Closure), 'access.users.ma...')
#17 /home/haru/Desktop/projects/prs/app/Http/Middleware/EnsureConfigAccess.php(37): Illuminate\\Pipeline\\Pipeline->{closure:{closure:Illuminate\\Pipeline\\Pipeline::carry():194}:195}(Object(Illuminate\\Http\\Request))
#18 /home/haru/Desktop/projects/prs/vendor/laravel/framework/src/Illuminate/Pipeline/Pipeline.php(219): App\\Http\\Middleware\\EnsureConfigAccess->handle(Object(Illuminate\\Http\\Request), Object(Closure))
#19 /home/haru/Desktop/projects/prs/vendor/laravel/framework/src/Illuminate/Auth/Middleware/EnsureEmailIsVerified.php(41): Illuminate\\Pipeline\\Pipeline->{closure:{closure:Illuminate\\Pipeline\\Pipeline::carry():194}:195}(Object(Illuminate\\Http\\Request))
#20 /home/haru/Desktop/projects/prs/vendor/laravel/framework/src/Illuminate/Pipeline/Pipeline.php(219): Illuminate\\Auth\\Middleware\\EnsureEmailIsVerified->handle(Object(Illuminate\\Http\\Request), Object(Closure))
#21 /home/haru/Desktop/projects/prs/app/Http/Middleware/LogRouteAccess.php(22): Illuminate\\Pipeline\\Pipeline->{closure:{closure:Illuminate\\Pipeline\\Pipeline::carry():194}:195}(Object(Illuminate\\Http\\Request))
#22 /home/haru/Desktop/projects/prs/vendor/laravel/framework/src/Illuminate/Pipeline/Pipeline.php(219): App\\Http\\Middleware\\LogRouteAccess->handle(Object(Illuminate\\Http\\Request), Object(Closure))
#23 /home/haru/Desktop/projects/prs/vendor/laravel/framework/src/Illuminate/Http/Middleware/AddLinkHeadersForPreloadedAssets.php(32): Illuminate\\Pipeline\\Pipeline->{closure:{closure:Illuminate\\Pipeline\\Pipeline::carry():194}:195}(Object(Illuminate\\Http\\Request))
#24 /home/haru/Desktop/projects/prs/vendor/laravel/framework/src/Illuminate/Pipeline/Pipeline.php(219): Illuminate\\Http\\Middleware\\AddLinkHeadersForPreloadedAssets->handle(Object(Illuminate\\Http\\Request), Object(Closure))
#25 /home/haru/Desktop/projects/prs/vendor/inertiajs/inertia-laravel/src/Middleware.php(122): Illuminate\\Pipeline\\Pipeline->{closure:{closure:Illuminate\\Pipeline\\Pipeline::carry():194}:195}(Object(Illuminate\\Http\\Request))
#26 /home/haru/Desktop/projects/prs/vendor/laravel/framework/src/Illuminate/Pipeline/Pipeline.php(219): Inertia\\Middleware->handle(Object(Illuminate\\Http\\Request), Object(Closure))
#27 /home/haru/Desktop/projects/prs/app/Http/Middleware/HandleAppearance.php(21): Illuminate\\Pipeline\\Pipeline->{closure:{closure:Illuminate\\Pipeline\\Pipeline::carry():194}:195}(Object(Illuminate\\Http\\Request))
#28 /home/haru/Desktop/projects/prs/vendor/laravel/framework/src/Illuminate/Pipeline/Pipeline.php(219): App\\Http\\Middleware\\HandleAppearance->handle(Object(Illuminate\\Http\\Request), Object(Closure))
#29 /home/haru/Desktop/projects/prs/vendor/laravel/framework/src/Illuminate/Routing/Middleware/SubstituteBindings.php(52): Illuminate\\Pipeline\\Pipeline->{closure:{closure:Illuminate\\Pipeline\\Pipeline::carry():194}:195}(Object(Illuminate\\Http\\Request))
#30 /home/haru/Desktop/projects/prs/vendor/laravel/framework/src/Illuminate/Pipeline/Pipeline.php(219): Illuminate\\Routing\\Middleware\\SubstituteBindings->handle(Object(Illuminate\\Http\\Request), Object(Closure))
#31 /home/haru/Desktop/projects/prs/vendor/laravel/framework/src/Illuminate/Auth/Middleware/Authenticate.php(63): Illuminate\\Pipeline\\Pipeline->{closure:{closure:Illuminate\\Pipeline\\Pipeline::carry():194}:195}(Object(Illuminate\\Http\\Request))
#32 /home/haru/Desktop/projects/prs/vendor/laravel/framework/src/Illuminate/Pipeline/Pipeline.php(219): Illuminate\\Auth\\Middleware\\Authenticate->handle(Object(Illuminate\\Http\\Request), Object(Closure))
#33 /home/haru/Desktop/projects/prs/vendor/laravel/framework/src/Illuminate/Foundation/Http/Middleware/PreventRequestForgery.php(104): Illuminate\\Pipeline\\Pipeline->{closure:{closure:Illuminate\\Pipeline\\Pipeline::carry():194}:195}(Object(Illuminate\\Http\\Request))
#34 /home/haru/Desktop/projects/prs/vendor/laravel/framework/src/Illuminate/Pipeline/Pipeline.php(219): Illuminate\\Foundation\\Http\\Middleware\\PreventRequestForgery->handle(Object(Illuminate\\Http\\Request), Object(Closure))
#35 /home/haru/Desktop/projects/prs/vendor/laravel/framework/src/Illuminate/View/Middleware/ShareErrorsFromSession.php(48): Illuminate\\Pipeline\\Pipeline->{closure:{closure:Illuminate\\Pipeline\\Pipeline::carry():194}:195}(Object(Illuminate\\Http\\Request))
#36 /home/haru/Desktop/projects/prs/vendor/laravel/framework/src/Illuminate/Pipeline/Pipeline.php(219): Illuminate\\View\\Middleware\\ShareErrorsFromSession->handle(Object(Illuminate\\Http\\Request), Object(Closure))
#37 /home/haru/Desktop/projects/prs/vendor/laravel/framework/src/Illuminate/Session/Middleware/StartSession.php(120): Illuminate\\Pipeline\\Pipeline->{closure:{closure:Illuminate\\Pipeline\\Pipeline::carry():194}:195}(Object(Illuminate\\Http\\Request))
#38 /home/haru/Desktop/projects/prs/vendor/laravel/framework/src/Illuminate/Session/Middleware/StartSession.php(63): Illuminate\\Session\\Middleware\\StartSession->handleStatefulRequest(Object(Illuminate\\Http\\Request), Object(Illuminate\\Session\\Store), Object(Closure))
#39 /home/haru/Desktop/projects/prs/vendor/laravel/framework/src/Illuminate/Pipeline/Pipeline.php(219): Illuminate\\Session\\Middleware\\StartSession->handle(Object(Illuminate\\Http\\Request), Object(Closure))
#40 /home/haru/Desktop/projects/prs/vendor/laravel/framework/src/Illuminate/Cookie/Middleware/AddQueuedCookiesToResponse.php(36): Illuminate\\Pipeline\\Pipeline->{closure:{closure:Illuminate\\Pipeline\\Pipeline::carry():194}:195}(Object(Illuminate\\Http\\Request))
#41 /home/haru/Desktop/projects/prs/vendor/laravel/framework/src/Illuminate/Pipeline/Pipeline.php(219): Illuminate\\Cookie\\Middleware\\AddQueuedCookiesToResponse->handle(Object(Illuminate\\Http\\Request), Object(Closure))
#42 /home/haru/Desktop/projects/prs/vendor/laravel/framework/src/Illuminate/Cookie/Middleware/EncryptCookies.php(74): Illuminate\\Pipeline\\Pipeline->{closure:{closure:Illuminate\\Pipeline\\Pipeline::carry():194}:195}(Object(Illuminate\\Http\\Request))
#43 /home/haru/Desktop/projects/prs/vendor/laravel/framework/src/Illuminate/Pipeline/Pipeline.php(219): Illuminate\\Cookie\\Middleware\\EncryptCookies->handle(Object(Illuminate\\Http\\Request), Object(Closure))
#44 /home/haru/Desktop/projects/prs/vendor/laravel/framework/src/Illuminate/Pipeline/Pipeline.php(137): Illuminate\\Pipeline\\Pipeline->{closure:{closure:Illuminate\\Pipeline\\Pipeline::carry():194}:195}(Object(Illuminate\\Http\\Request))
#45 /home/haru/Desktop/projects/prs/vendor/laravel/framework/src/Illuminate/Routing/Router.php(821): Illuminate\\Pipeline\\Pipeline->then(Object(Closure))
#46 /home/haru/Desktop/projects/prs/vendor/laravel/framework/src/Illuminate/Routing/Router.php(800): Illuminate\\Routing\\Router->runRouteWithinStack(Object(Illuminate\\Routing\\Route), Object(Illuminate\\Http\\Request))
#47 /home/haru/Desktop/projects/prs/vendor/laravel/framework/src/Illuminate/Routing/Router.php(764): Illuminate\\Routing\\Router->runRoute(Object(Illuminate\\Http\\Request), Object(Illuminate\\Routing\\Route))
#48 /home/haru/Desktop/projects/prs/vendor/laravel/framework/src/Illuminate/Routing/Router.php(753): Illuminate\\Routing\\Router->dispatchToRoute(Object(Illuminate\\Http\\Request))
#49 /home/haru/Desktop/projects/prs/vendor/laravel/framework/src/Illuminate/Foundation/Http/Kernel.php(200): Illuminate\\Routing\\Router->dispatch(Object(Illuminate\\Http\\Request))
#50 /home/haru/Desktop/projects/prs/vendor/laravel/framework/src/Illuminate/Pipeline/Pipeline.php(180): Illuminate\\Foundation\\Http\\Kernel->{closure:Illuminate\\Foundation\\Http\\Kernel::dispatchToRouter():197}(Object(Illuminate\\Http\\Request))
#51 /home/haru/Desktop/projects/prs/vendor/laravel/framework/src/Illuminate/Foundation/Http/Middleware/TransformsRequest.php(21): Illuminate\\Pipeline\\Pipeline->{closure:Illuminate\\Pipeline\\Pipeline::prepareDestination():178}(Object(Illuminate\\Http\\Request))
#52 /home/haru/Desktop/projects/prs/vendor/laravel/framework/src/Illuminate/Foundation/Http/Middleware/ConvertEmptyStringsToNull.php(31): Illuminate\\Foundation\\Http\\Middleware\\TransformsRequest->handle(Object(Illuminate\\Http\\Request), Object(Closure))
#53 /home/haru/Desktop/projects/prs/vendor/laravel/framework/src/Illuminate/Pipeline/Pipeline.php(219): Illuminate\\Foundation\\Http\\Middleware\\ConvertEmptyStringsToNull->handle(Object(Illuminate\\Http\\Request), Object(Closure))
#54 /home/haru/Desktop/projects/prs/vendor/laravel/framework/src/Illuminate/Foundation/Http/Middleware/TransformsRequest.php(21): Illuminate\\Pipeline\\Pipeline->{closure:{closure:Illuminate\\Pipeline\\Pipeline::carry():194}:195}(Object(Illuminate\\Http\\Request))
#55 /home/haru/Desktop/projects/prs/vendor/laravel/framework/src/Illuminate/Foundation/Http/Middleware/TrimStrings.php(51): Illuminate\\Foundation\\Http\\Middleware\\TransformsRequest->handle(Object(Illuminate\\Http\\Request), Object(Closure))
#56 /home/haru/Desktop/projects/prs/vendor/laravel/framework/src/Illuminate/Pipeline/Pipeline.php(219): Illuminate\\Foundation\\Http\\Middleware\\TrimStrings->handle(Object(Illuminate\\Http\\Request), Object(Closure))
#57 /home/haru/Desktop/projects/prs/vendor/laravel/framework/src/Illuminate/Http/Middleware/ValidatePostSize.php(27): Illuminate\\Pipeline\\Pipeline->{closure:{closure:Illuminate\\Pipeline\\Pipeline::carry():194}:195}(Object(Illuminate\\Http\\Request))
#58 /home/haru/Desktop/projects/prs/vendor/laravel/framework/src/Illuminate/Pipeline/Pipeline.php(219): Illuminate\\Http\\Middleware\\ValidatePostSize->handle(Object(Illuminate\\Http\\Request), Object(Closure))
#59 /home/haru/Desktop/projects/prs/vendor/laravel/framework/src/Illuminate/Foundation/Http/Middleware/PreventRequestsDuringMaintenance.php(109): Illuminate\\Pipeline\\Pipeline->{closure:{closure:Illuminate\\Pipeline\\Pipeline::carry():194}:195}(Object(Illuminate\\Http\\Request))
#60 /home/haru/Desktop/projects/prs/vendor/laravel/framework/src/Illuminate/Pipeline/Pipeline.php(219): Illuminate\\Foundation\\Http\\Middleware\\PreventRequestsDuringMaintenance->handle(Object(Illuminate\\Http\\Request), Object(Closure))
#61 /home/haru/Desktop/projects/prs/vendor/laravel/framework/src/Illuminate/Http/Middleware/HandleCors.php(61): Illuminate\\Pipeline\\Pipeline->{closure:{closure:Illuminate\\Pipeline\\Pipeline::carry():194}:195}(Object(Illuminate\\Http\\Request))
#62 /home/haru/Desktop/projects/prs/vendor/laravel/framework/src/Illuminate/Pipeline/Pipeline.php(219): Illuminate\\Http\\Middleware\\HandleCors->handle(Object(Illuminate\\Http\\Request), Object(Closure))
#63 /home/haru/Desktop/projects/prs/vendor/laravel/framework/src/Illuminate/Http/Middleware/TrustProxies.php(58): Illuminate\\Pipeline\\Pipeline->{closure:{closure:Illuminate\\Pipeline\\Pipeline::carry():194}:195}(Object(Illuminate\\Http\\Request))
#64 /home/haru/Desktop/projects/prs/vendor/laravel/framework/src/Illuminate/Pipeline/Pipeline.php(219): Illuminate\\Http\\Middleware\\TrustProxies->handle(Object(Illuminate\\Http\\Request), Object(Closure))
#65 /home/haru/Desktop/projects/prs/vendor/laravel/framework/src/Illuminate/Foundation/Http/Middleware/InvokeDeferredCallbacks.php(22): Illuminate\\Pipeline\\Pipeline->{closure:{closure:Illuminate\\Pipeline\\Pipeline::carry():194}:195}(Object(Illuminate\\Http\\Request))
#66 /home/haru/Desktop/projects/prs/vendor/laravel/framework/src/Illuminate/Pipeline/Pipeline.php(219): Illuminate\\Foundation\\Http\\Middleware\\InvokeDeferredCallbacks->handle(Object(Illuminate\\Http\\Request), Object(Closure))
#67 /home/haru/Desktop/projects/prs/vendor/laravel/framework/src/Illuminate/Http/Middleware/ValidatePathEncoding.php(28): Illuminate\\Pipeline\\Pipeline->{closure:{closure:Illuminate\\Pipeline\\Pipeline::carry():194}:195}(Object(Illuminate\\Http\\Request))
#68 /home/haru/Desktop/projects/prs/vendor/laravel/framework/src/Illuminate/Pipeline/Pipeline.php(219): Illuminate\\Http\\Middleware\\ValidatePathEncoding->handle(Object(Illuminate\\Http\\Request), Object(Closure))
#69 /home/haru/Desktop/projects/prs/vendor/laravel/framework/src/Illuminate/Pipeline/Pipeline.php(137): Illuminate\\Pipeline\\Pipeline->{closure:{closure:Illuminate\\Pipeline\\Pipeline::carry():194}:195}(Object(Illuminate\\Http\\Request))
#70 /home/haru/Desktop/projects/prs/vendor/laravel/framework/src/Illuminate/Foundation/Http/Kernel.php(175): Illuminate\\Pipeline\\Pipeline->then(Object(Closure))
#71 /home/haru/Desktop/projects/prs/vendor/laravel/framework/src/Illuminate/Foundation/Http/Kernel.php(144): Illuminate\\Foundation\\Http\\Kernel->sendRequestThroughRouter(Object(Illuminate\\Http\\Request))
#72 /home/haru/Desktop/projects/prs/vendor/laravel/framework/src/Illuminate/Foundation/Testing/Concerns/MakesHttpRequests.php(607): Illuminate\\Foundation\\Http\\Kernel->handle(Object(Illuminate\\Http\\Request))
#73 /home/haru/Desktop/projects/prs/vendor/laravel/framework/src/Illuminate/Foundation/Testing/Concerns/MakesHttpRequests.php(368): Illuminate\\Foundation\\Testing\\TestCase->call('GET', 'http://localhos...', Array, Array, Array, Array)
#74 /home/haru/Desktop/projects/prs/tests/Feature/CrossCutting/UserConfigUpdateTest.php(100): Illuminate\\Foundation\\Testing\\TestCase->get('http://localhos...')
#75 /home/haru/Desktop/projects/prs/vendor/pestphp/pest/src/Factories/TestCaseMethodFactory.php(172): P\\Tests\\Feature\\CrossCutting\\UserConfigUpdateTest->{closure:/home/haru/Desktop/projects/prs/tests/Feature/CrossCutting/UserConfigUpdateTest.php:95}()
#76 [internal function]: P\\Tests\\Feature\\CrossCutting\\UserConfigUpdateTest->{closure:Pest\\Factories\\TestCaseMethodFactory::getClosure():162}()
#77 /home/haru/Desktop/projects/prs/vendor/pestphp/pest/src/Concerns/Testable.php(429): call_user_func_array(Object(Closure), Array)
#78 /home/haru/Desktop/projects/prs/vendor/pestphp/pest/src/Support/ExceptionTrace.php(26): P\\Tests\\Feature\\CrossCutting\\UserConfigUpdateTest->{closure:Pest\\Concerns\\Testable::__callClosure():429}()
#79 /home/haru/Desktop/projects/prs/vendor/pestphp/pest/src/Concerns/Testable.php(429): Pest\\Support\\ExceptionTrace::ensure(Object(Closure))
#80 /home/haru/Desktop/projects/prs/vendor/pestphp/pest/src/Concerns/Testable.php(331): P\\Tests\\Feature\\CrossCutting\\UserConfigUpdateTest->__callClosure(Object(Closure), Array)
#81 /home/haru/Desktop/projects/prs/vendor/pestphp/pest/src/Factories/TestCaseFactory.php(170) : eval()'d code(53): P\\Tests\\Feature\\CrossCutting\\UserConfigUpdateTest->__runTest(Object(Closure))
#82 /home/haru/Desktop/projects/prs/vendor/phpunit/phpunit/src/Framework/TestCase.php(1332): P\\Tests\\Feature\\CrossCutting\\UserConfigUpdateTest->__pest_evaluable_user_search_is_case_insensitive()
#83 /home/haru/Desktop/projects/prs/vendor/phpunit/phpunit/src/Framework/TestCase.php(519): PHPUnit\\Framework\\TestCase->runTest()
#84 /home/haru/Desktop/projects/prs/vendor/phpunit/phpunit/src/Framework/TestRunner/TestRunner.php(99): PHPUnit\\Framework\\TestCase->runBare()
#85 /home/haru/Desktop/projects/prs/vendor/phpunit/phpunit/src/Framework/TestCase.php(359): PHPUnit\\Framework\\TestRunner->run(Object(P\\Tests\\Feature\\CrossCutting\\UserConfigUpdateTest))
#86 /home/haru/Desktop/projects/prs/vendor/phpunit/phpunit/src/Framework/TestSuite.php(374): PHPUnit\\Framework\\TestCase->run()
#87 /home/haru/Desktop/projects/prs/vendor/phpunit/phpunit/src/Framework/TestSuite.php(374): PHPUnit\\Framework\\TestSuite->run()
#88 /home/haru/Desktop/projects/prs/vendor/phpunit/phpunit/src/Framework/TestSuite.php(374): PHPUnit\\Framework\\TestSuite->run()
#89 /home/haru/Desktop/projects/prs/vendor/phpunit/phpunit/src/TextUI/TestRunner.php(64): PHPUnit\\Framework\\TestSuite->run()
#90 /home/haru/Desktop/projects/prs/vendor/phpunit/phpunit/src/TextUI/Application.php(229): PHPUnit\\TextUI\\TestRunner->run(Object(PHPUnit\\TextUI\\Configuration\\Configuration), Object(PHPUnit\\Runner\\ResultCache\\DefaultResultCache), Object(PHPUnit\\Framework\\TestSuite))
#91 /home/haru/Desktop/projects/prs/vendor/pestphp/pest/src/Kernel.php(103): PHPUnit\\TextUI\\Application->run(Array)
#92 /home/haru/Desktop/projects/prs/vendor/pestphp/pest/bin/pest(184): Pest\\Kernel->handle(Array, Array)
#93 /home/haru/Desktop/projects/prs/vendor/pestphp/pest/bin/pest(192): {closure:/home/haru/Desktop/projects/prs/vendor/pestphp/pest/bin/pest:18}()
#94 {main}
"} 
[2026-07-13 04:44:11] testing.ERROR: SQLSTATE[HY000]: General error: 1 near "ilike": syntax error (Connection: sqlite, Database: testing, SQL: select count(*) as aggregate from "users" where ("name" ilike %john% or "email" ilike %john%)) {"userId":1,"exception":"[object] (Illuminate\\Database\\QueryException(code: HY000): SQLSTATE[HY000]: General error: 1 near \"ilike\": syntax error (Connection: sqlite, Database: testing, SQL: select count(*) as aggregate from \"users\" where (\"name\" ilike %john% or \"email\" ilike %john%)) at /home/haru/Desktop/projects/prs/vendor/laravel/framework/src/Illuminate/Database/Connection.php:841)
[stacktrace]
#0 /home/haru/Desktop/projects/prs/vendor/laravel/framework/src/Illuminate/Database/Connection.php(797): Illuminate\\Database\\Connection->runQueryCallback('select count(*)...', Array, Object(Closure))
#1 /home/haru/Desktop/projects/prs/vendor/laravel/framework/src/Illuminate/Database/Connection.php(412): Illuminate\\Database\\Connection->run('select count(*)...', Array, Object(Closure))
#2 /home/haru/Desktop/projects/prs/vendor/laravel/framework/src/Illuminate/Database/Query/Builder.php(3562): Illuminate\\Database\\Connection->select('select count(*)...', Array, true, Array)
#3 /home/haru/Desktop/projects/prs/vendor/laravel/framework/src/Illuminate/Database/Query/Builder.php(3546): Illuminate\\Database\\Query\\Builder->runSelect()
#4 /home/haru/Desktop/projects/prs/vendor/laravel/framework/src/Illuminate/Database/Query/Builder.php(3741): Illuminate\\Database\\Query\\Builder->get()
#5 /home/haru/Desktop/projects/prs/vendor/laravel/framework/src/Illuminate/Database/Query/Builder.php(3700): Illuminate\\Database\\Query\\Builder->runPaginationCountQuery(Array)
#6 /home/haru/Desktop/projects/prs/vendor/laravel/framework/src/Illuminate/Database/Eloquent/Builder.php(1125): Illuminate\\Database\\Query\\Builder->getCountForPagination()
#7 /home/haru/Desktop/projects/prs/app/Http/Controllers/Admin/Config/UserConfigController.php(35): Illuminate\\Database\\Eloquent\\Builder->paginate(10)
#8 /home/haru/Desktop/projects/prs/vendor/laravel/framework/src/Illuminate/Routing/ControllerDispatcher.php(46): App\\Http\\Controllers\\Admin\\Config\\UserConfigController->index(Object(Illuminate\\Http\\Request))
#9 /home/haru/Desktop/projects/prs/vendor/laravel/framework/src/Illuminate/Routing/Route.php(269): Illuminate\\Routing\\ControllerDispatcher->dispatch(Object(Illuminate\\Routing\\Route), Object(App\\Http\\Controllers\\Admin\\Config\\UserConfigController), 'index')
#10 /home/haru/Desktop/projects/prs/vendor/laravel/framework/src/Illuminate/Routing/Route.php(215): Illuminate\\Routing\\Route->runController()
#11 /home/haru/Desktop/projects/prs/vendor/laravel/framework/src/Illuminate/Routing/Router.php(822): Illuminate\\Routing\\Route->run()
#12 /home/haru/Desktop/projects/prs/vendor/laravel/framework/src/Illuminate/Pipeline/Pipeline.php(180): Illuminate\\Routing\\Router->{closure:Illuminate\\Routing\\Router::runRouteWithinStack():821}(Object(Illuminate\\Http\\Request))
#13 /home/haru/Desktop/projects/prs/vendor/laravel/framework/src/Illuminate/Auth/Middleware/Authorize.php(59): Illuminate\\Pipeline\\Pipeline->{closure:Illuminate\\Pipeline\\Pipeline::prepareDestination():178}(Object(Illuminate\\Http\\Request))
#14 /home/haru/Desktop/projects/prs/vendor/laravel/framework/src/Illuminate/Pipeline/Pipeline.php(219): Illuminate\\Auth\\Middleware\\Authorize->handle(Object(Illuminate\\Http\\Request), Object(Closure), 'access.users.ma...')
#15 /home/haru/Desktop/projects/prs/app/Http/Middleware/EnsureConfigAccess.php(37): Illuminate\\Pipeline\\Pipeline->{closure:{closure:Illuminate\\Pipeline\\Pipeline::carry():194}:195}(Object(Illuminate\\Http\\Request))
#16 /home/haru/Desktop/projects/prs/vendor/laravel/framework/src/Illuminate/Pipeline/Pipeline.php(219): App\\Http\\Middleware\\EnsureConfigAccess->handle(Object(Illuminate\\Http\\Request), Object(Closure))
#17 /home/haru/Desktop/projects/prs/vendor/laravel/framework/src/Illuminate/Auth/Middleware/EnsureEmailIsVerified.php(41): Illuminate\\Pipeline\\Pipeline->{closure:{closure:Illuminate\\Pipeline\\Pipeline::carry():194}:195}(Object(Illuminate\\Http\\Request))
#18 /home/haru/Desktop/projects/prs/vendor/laravel/framework/src/Illuminate/Pipeline/Pipeline.php(219): Illuminate\\Auth\\Middleware\\EnsureEmailIsVerified->handle(Object(Illuminate\\Http\\Request), Object(Closure))
#19 /home/haru/Desktop/projects/prs/app/Http/Middleware/LogRouteAccess.php(22): Illuminate\\Pipeline\\Pipeline->{closure:{closure:Illuminate\\Pipeline\\Pipeline::carry():194}:195}(Object(Illuminate\\Http\\Request))
#20 /home/haru/Desktop/projects/prs/vendor/laravel/framework/src/Illuminate/Pipeline/Pipeline.php(219): App\\Http\\Middleware\\LogRouteAccess->handle(Object(Illuminate\\Http\\Request), Object(Closure))
#21 /home/haru/Desktop/projects/prs/vendor/laravel/framework/src/Illuminate/Http/Middleware/AddLinkHeadersForPreloadedAssets.php(32): Illuminate\\Pipeline\\Pipeline->{closure:{closure:Illuminate\\Pipeline\\Pipeline::carry():194}:195}(Object(Illuminate\\Http\\Request))
#22 /home/haru/Desktop/projects/prs/vendor/laravel/framework/src/Illuminate/Pipeline/Pipeline.php(219): Illuminate\\Http\\Middleware\\AddLinkHeadersForPreloadedAssets->handle(Object(Illuminate\\Http\\Request), Object(Closure))
#23 /home/haru/Desktop/projects/prs/vendor/inertiajs/inertia-laravel/src/Middleware.php(122): Illuminate\\Pipeline\\Pipeline->{closure:{closure:Illuminate\\Pipeline\\Pipeline::carry():194}:195}(Object(Illuminate\\Http\\Request))
#24 /home/haru/Desktop/projects/prs/vendor/laravel/framework/src/Illuminate/Pipeline/Pipeline.php(219): Inertia\\Middleware->handle(Object(Illuminate\\Http\\Request), Object(Closure))
#25 /home/haru/Desktop/projects/prs/app/Http/Middleware/HandleAppearance.php(21): Illuminate\\Pipeline\\Pipeline->{closure:{closure:Illuminate\\Pipeline\\Pipeline::carry():194}:195}(Object(Illuminate\\Http\\Request))
#26 /home/haru/Desktop/projects/prs/vendor/laravel/framework/src/Illuminate/Pipeline/Pipeline.php(219): App\\Http\\Middleware\\HandleAppearance->handle(Object(Illuminate\\Http\\Request), Object(Closure))
#27 /home/haru/Desktop/projects/prs/vendor/laravel/framework/src/Illuminate/Routing/Middleware/SubstituteBindings.php(52): Illuminate\\Pipeline\\Pipeline->{closure:{closure:Illuminate\\Pipeline\\Pipeline::carry():194}:195}(Object(Illuminate\\Http\\Request))
#28 /home/haru/Desktop/projects/prs/vendor/laravel/framework/src/Illuminate/Pipeline/Pipeline.php(219): Illuminate\\Routing\\Middleware\\SubstituteBindings->handle(Object(Illuminate\\Http\\Request), Object(Closure))
#29 /home/haru/Desktop/projects/prs/vendor/laravel/framework/src/Illuminate/Auth/Middleware/Authenticate.php(63): Illuminate\\Pipeline\\Pipeline->{closure:{closure:Illuminate\\Pipeline\\Pipeline::carry():194}:195}(Object(Illuminate\\Http\\Request))
#30 /home/haru/Desktop/projects/prs/vendor/laravel/framework/src/Illuminate/Pipeline/Pipeline.php(219): Illuminate\\Auth\\Middleware\\Authenticate->handle(Object(Illuminate\\Http\\Request), Object(Closure))
#31 /home/haru/Desktop/projects/prs/vendor/laravel/framework/src/Illuminate/Foundation/Http/Middleware/PreventRequestForgery.php(104): Illuminate\\Pipeline\\Pipeline->{closure:{closure:Illuminate\\Pipeline\\Pipeline::carry():194}:195}(Object(Illuminate\\Http\\Request))
#32 /home/haru/Desktop/projects/prs/vendor/laravel/framework/src/Illuminate/Pipeline/Pipeline.php(219): Illuminate\\Foundation\\Http\\Middleware\\PreventRequestForgery->handle(Object(Illuminate\\Http\\Request), Object(Closure))
#33 /home/haru/Desktop/projects/prs/vendor/laravel/framework/src/Illuminate/View/Middleware/ShareErrorsFromSession.php(48): Illuminate\\Pipeline\\Pipeline->{closure:{closure:Illuminate\\Pipeline\\Pipeline::carry():194}:195}(Object(Illuminate\\Http\\Request))
#34 /home/haru/Desktop/projects/prs/vendor/laravel/framework/src/Illuminate/Pipeline/Pipeline.php(219): Illuminate\\View\\Middleware\\ShareErrorsFromSession->handle(Object(Illuminate\\Http\\Request), Object(Closure))
#35 /home/haru/Desktop/projects/prs/vendor/laravel/framework/src/Illuminate/Session/Middleware/StartSession.php(120): Illuminate\\Pipeline\\Pipeline->{closure:{closure:Illuminate\\Pipeline\\Pipeline::carry():194}:195}(Object(Illuminate\\Http\\Request))
#36 /home/haru/Desktop/projects/prs/vendor/laravel/framework/src/Illuminate/Session/Middleware/StartSession.php(63): Illuminate\\Session\\Middleware\\StartSession->handleStatefulRequest(Object(Illuminate\\Http\\Request), Object(Illuminate\\Session\\Store), Object(Closure))
#37 /home/haru/Desktop/projects/prs/vendor/laravel/framework/src/Illuminate/Pipeline/Pipeline.php(219): Illuminate\\Session\\Middleware\\StartSession->handle(Object(Illuminate\\Http\\Request), Object(Closure))
#38 /home/haru/Desktop/projects/prs/vendor/laravel/framework/src/Illuminate/Cookie/Middleware/AddQueuedCookiesToResponse.php(36): Illuminate\\Pipeline\\Pipeline->{closure:{closure:Illuminate\\Pipeline\\Pipeline::carry():194}:195}(Object(Illuminate\\Http\\Request))
#39 /home/haru/Desktop/projects/prs/vendor/laravel/framework/src/Illuminate/Pipeline/Pipeline.php(219): Illuminate\\Cookie\\Middleware\\AddQueuedCookiesToResponse->handle(Object(Illuminate\\Http\\Request), Object(Closure))
#40 /home/haru/Desktop/projects/prs/vendor/laravel/framework/src/Illuminate/Cookie/Middleware/EncryptCookies.php(74): Illuminate\\Pipeline\\Pipeline->{closure:{closure:Illuminate\\Pipeline\\Pipeline::carry():194}:195}(Object(Illuminate\\Http\\Request))
#41 /home/haru/Desktop/projects/prs/vendor/laravel/framework/src/Illuminate/Pipeline/Pipeline.php(219): Illuminate\\Cookie\\Middleware\\EncryptCookies->handle(Object(Illuminate\\Http\\Request), Object(Closure))
#42 /home/haru/Desktop/projects/prs/vendor/laravel/framework/src/Illuminate/Pipeline/Pipeline.php(137): Illuminate\\Pipeline\\Pipeline->{closure:{closure:Illuminate\\Pipeline\\Pipeline::carry():194}:195}(Object(Illuminate\\Http\\Request))
#43 /home/haru/Desktop/projects/prs/vendor/laravel/framework/src/Illuminate/Routing/Router.php(821): Illuminate\\Pipeline\\Pipeline->then(Object(Closure))
#44 /home/haru/Desktop/projects/prs/vendor/laravel/framework/src/Illuminate/Routing/Router.php(800): Illuminate\\Routing\\Router->runRouteWithinStack(Object(Illuminate\\Routing\\Route), Object(Illuminate\\Http\\Request))
#45 /home/haru/Desktop/projects/prs/vendor/laravel/framework/src/Illuminate/Routing/Router.php(764): Illuminate\\Routing\\Router->runRoute(Object(Illuminate\\Http\\Request), Object(Illuminate\\Routing\\Route))
#46 /home/haru/Desktop/projects/prs/vendor/laravel/framework/src/Illuminate/Routing/Router.php(753): Illuminate\\Routing\\Router->dispatchToRoute(Object(Illuminate\\Http\\Request))
#47 /home/haru/Desktop/projects/prs/vendor/laravel/framework/src/Illuminate/Foundation/Http/Kernel.php(200): Illuminate\\Routing\\Router->dispatch(Object(Illuminate\\Http\\Request))
#48 /home/haru/Desktop/projects/prs/vendor/laravel/framework/src/Illuminate/Pipeline/Pipeline.php(180): Illuminate\\Foundation\\Http\\Kernel->{closure:Illuminate\\Foundation\\Http\\Kernel::dispatchToRouter():197}(Object(Illuminate\\Http\\Request))
#49 /home/haru/Desktop/projects/prs/vendor/laravel/framework/src/Illuminate/Foundation/Http/Middleware/TransformsRequest.php(21): Illuminate\\Pipeline\\Pipeline->{closure:Illuminate\\Pipeline\\Pipeline::prepareDestination():178}(Object(Illuminate\\Http\\Request))
#50 /home/haru/Desktop/projects/prs/vendor/laravel/framework/src/Illuminate/Foundation/Http/Middleware/ConvertEmptyStringsToNull.php(31): Illuminate\\Foundation\\Http\\Middleware\\TransformsRequest->handle(Object(Illuminate\\Http\\Request), Object(Closure))
#51 /home/haru/Desktop/projects/prs/vendor/laravel/framework/src/Illuminate/Pipeline/Pipeline.php(219): Illuminate\\Foundation\\Http\\Middleware\\ConvertEmptyStringsToNull->handle(Object(Illuminate\\Http\\Request), Object(Closure))
#52 /home/haru/Desktop/projects/prs/vendor/laravel/framework/src/Illuminate/Foundation/Http/Middleware/TransformsRequest.php(21): Illuminate\\Pipeline\\Pipeline->{closure:{closure:Illuminate\\Pipeline\\Pipeline::carry():194}:195}(Object(Illuminate\\Http\\Request))
#53 /home/haru/Desktop/projects/prs/vendor/laravel/framework/src/Illuminate/Foundation/Http/Middleware/TrimStrings.php(51): Illuminate\\Foundation\\Http\\Middleware\\TransformsRequest->handle(Object(Illuminate\\Http\\Request), Object(Closure))
#54 /home/haru/Desktop/projects/prs/vendor/laravel/framework/src/Illuminate/Pipeline/Pipeline.php(219): Illuminate\\Foundation\\Http\\Middleware\\TrimStrings->handle(Object(Illuminate\\Http\\Request), Object(Closure))
#55 /home/haru/Desktop/projects/prs/vendor/laravel/framework/src/Illuminate/Http/Middleware/ValidatePostSize.php(27): Illuminate\\Pipeline\\Pipeline->{closure:{closure:Illuminate\\Pipeline\\Pipeline::carry():194}:195}(Object(Illuminate\\Http\\Request))
#56 /home/haru/Desktop/projects/prs/vendor/laravel/framework/src/Illuminate/Pipeline/Pipeline.php(219): Illuminate\\Http\\Middleware\\ValidatePostSize->handle(Object(Illuminate\\Http\\Request), Object(Closure))
#57 /home/haru/Desktop/projects/prs/vendor/laravel/framework/src/Illuminate/Foundation/Http/Middleware/PreventRequestsDuringMaintenance.php(109): Illuminate\\Pipeline\\Pipeline->{closure:{closure:Illuminate\\Pipeline\\Pipeline::carry():194}:195}(Object(Illuminate\\Http\\Request))
#58 /home/haru/Desktop/projects/prs/vendor/laravel/framework/src/Illuminate/Pipeline/Pipeline.php(219): Illuminate\\Foundation\\Http\\Middleware\\PreventRequestsDuringMaintenance->handle(Object(Illuminate\\Http\\Request), Object(Closure))
#59 /home/haru/Desktop/projects/prs/vendor/laravel/framework/src/Illuminate/Http/Middleware/HandleCors.php(61): Illuminate\\Pipeline\\Pipeline->{closure:{closure:Illuminate\\Pipeline\\Pipeline::carry():194}:195}(Object(Illuminate\\Http\\Request))
#60 /home/haru/Desktop/projects/prs/vendor/laravel/framework/src/Illuminate/Pipeline/Pipeline.php(219): Illuminate\\Http\\Middleware\\HandleCors->handle(Object(Illuminate\\Http\\Request), Object(Closure))
#61 /home/haru/Desktop/projects/prs/vendor/laravel/framework/src/Illuminate/Http/Middleware/TrustProxies.php(58): Illuminate\\Pipeline\\Pipeline->{closure:{closure:Illuminate\\Pipeline\\Pipeline::carry():194}:195}(Object(Illuminate\\Http\\Request))
#62 /home/haru/Desktop/projects/prs/vendor/laravel/framework/src/Illuminate/Pipeline/Pipeline.php(219): Illuminate\\Http\\Middleware\\TrustProxies->handle(Object(Illuminate\\Http\\Request), Object(Closure))
#63 /home/haru/Desktop/projects/prs/vendor/laravel/framework/src/Illuminate/Foundation/Http/Middleware/InvokeDeferredCallbacks.php(22): Illuminate\\Pipeline\\Pipeline->{closure:{closure:Illuminate\\Pipeline\\Pipeline::carry():194}:195}(Object(Illuminate\\Http\\Request))
#64 /home/haru/Desktop/projects/prs/vendor/laravel/framework/src/Illuminate/Pipeline/Pipeline.php(219): Illuminate\\Foundation\\Http\\Middleware\\InvokeDeferredCallbacks->handle(Object(Illuminate\\Http\\Request), Object(Closure))
#65 /home/haru/Desktop/projects/prs/vendor/laravel/framework/src/Illuminate/Http/Middleware/ValidatePathEncoding.php(28): Illuminate\\Pipeline\\Pipeline->{closure:{closure:Illuminate\\Pipeline\\Pipeline::carry():194}:195}(Object(Illuminate\\Http\\Request))
#66 /home/haru/Desktop/projects/prs/vendor/laravel/framework/src/Illuminate/Pipeline/Pipeline.php(219): Illuminate\\Http\\Middleware\\ValidatePathEncoding->handle(Object(Illuminate\\Http\\Request), Object(Closure))
#67 /home/haru/Desktop/projects/prs/vendor/laravel/framework/src/Illuminate/Pipeline/Pipeline.php(137): Illuminate\\Pipeline\\Pipeline->{closure:{closure:Illuminate\\Pipeline\\Pipeline::carry():194}:195}(Object(Illuminate\\Http\\Request))
#68 /home/haru/Desktop/projects/prs/vendor/laravel/framework/src/Illuminate/Foundation/Http/Kernel.php(175): Illuminate\\Pipeline\\Pipeline->then(Object(Closure))
#69 /home/haru/Desktop/projects/prs/vendor/laravel/framework/src/Illuminate/Foundation/Http/Kernel.php(144): Illuminate\\Foundation\\Http\\Kernel->sendRequestThroughRouter(Object(Illuminate\\Http\\Request))
#70 /home/haru/Desktop/projects/prs/vendor/laravel/framework/src/Illuminate/Foundation/Testing/Concerns/MakesHttpRequests.php(607): Illuminate\\Foundation\\Http\\Kernel->handle(Object(Illuminate\\Http\\Request))
#71 /home/haru/Desktop/projects/prs/vendor/laravel/framework/src/Illuminate/Foundation/Testing/Concerns/MakesHttpRequests.php(368): Illuminate\\Foundation\\Testing\\TestCase->call('GET', 'http://localhos...', Array, Array, Array, Array)
#72 /home/haru/Desktop/projects/prs/tests/Feature/CrossCutting/UserConfigUpdateTest.php(100): Illuminate\\Foundation\\Testing\\TestCase->get('http://localhos...')
#73 /home/haru/Desktop/projects/prs/vendor/pestphp/pest/src/Factories/TestCaseMethodFactory.php(172): P\\Tests\\Feature\\CrossCutting\\UserConfigUpdateTest->{closure:/home/haru/Desktop/projects/prs/tests/Feature/CrossCutting/UserConfigUpdateTest.php:95}()
#74 [internal function]: P\\Tests\\Feature\\CrossCutting\\UserConfigUpdateTest->{closure:Pest\\Factories\\TestCaseMethodFactory::getClosure():162}()
#75 /home/haru/Desktop/projects/prs/vendor/pestphp/pest/src/Concerns/Testable.php(429): call_user_func_array(Object(Closure), Array)
#76 /home/haru/Desktop/projects/prs/vendor/pestphp/pest/src/Support/ExceptionTrace.php(26): P\\Tests\\Feature\\CrossCutting\\UserConfigUpdateTest->{closure:Pest\\Concerns\\Testable::__callClosure():429}()
#77 /home/haru/Desktop/projects/prs/vendor/pestphp/pest/src/Concerns/Testable.php(429): Pest\\Support\\ExceptionTrace::ensure(Object(Closure))
#78 /home/haru/Desktop/projects/prs/vendor/pestphp/pest/src/Concerns/Testable.php(331): P\\Tests\\Feature\\CrossCutting\\UserConfigUpdateTest->__callClosure(Object(Closure), Array)
#79 /home/haru/Desktop/projects/prs/vendor/pestphp/pest/src/Factories/TestCaseFactory.php(170) : eval()'d code(53): P\\Tests\\Feature\\CrossCutting\\UserConfigUpdateTest->__runTest(Object(Closure))
#80 /home/haru/Desktop/projects/prs/vendor/phpunit/phpunit/src/Framework/TestCase.php(1332): P\\Tests\\Feature\\CrossCutting\\UserConfigUpdateTest->__pest_evaluable_user_search_is_case_insensitive()
#81 /home/haru/Desktop/projects/prs/vendor/phpunit/phpunit/src/Framework/TestCase.php(519): PHPUnit\\Framework\\TestCase->runTest()
#82 /home/haru/Desktop/projects/prs/vendor/phpunit/phpunit/src/Framework/TestRunner/TestRunner.php(99): PHPUnit\\Framework\\TestCase->runBare()
#83 /home/haru/Desktop/projects/prs/vendor/phpunit/phpunit/src/Framework/TestCase.php(359): PHPUnit\\Framework\\TestRunner->run(Object(P\\Tests\\Feature\\CrossCutting\\UserConfigUpdateTest))
#84 /home/haru/Desktop/projects/prs/vendor/phpunit/phpunit/src/Framework/TestSuite.php(374): PHPUnit\\Framework\\TestCase->run()
#85 /home/haru/Desktop/projects/prs/vendor/phpunit/phpunit/src/Framework/TestSuite.php(374): PHPUnit\\Framework\\TestSuite->run()
#86 /home/haru/Desktop/projects/prs/vendor/phpunit/phpunit/src/Framework/TestSuite.php(374): PHPUnit\\Framework\\TestSuite->run()
#87 /home/haru/Desktop/projects/prs/vendor/phpunit/phpunit/src/TextUI/TestRunner.php(64): PHPUnit\\Framework\\TestSuite->run()
#88 /home/haru/Desktop/projects/prs/vendor/phpunit/phpunit/src/TextUI/Application.php(229): PHPUnit\\TextUI\\TestRunner->run(Object(PHPUnit\\TextUI\\Configuration\\Configuration), Object(PHPUnit\\Runner\\ResultCache\\DefaultResultCache), Object(PHPUnit\\Framework\\TestSuite))
#89 /home/haru/Desktop/projects/prs/vendor/pestphp/pest/src/Kernel.php(103): PHPUnit\\TextUI\\Application->run(Array)
#90 /home/haru/Desktop/projects/prs/vendor/pestphp/pest/bin/pest(184): Pest\\Kernel->handle(Array, Array)
#91 /home/haru/Desktop/projects/prs/vendor/pestphp/pest/bin/pest(192): {closure:/home/haru/Desktop/projects/prs/vendor/pestphp/pest/bin/pest:18}()
#92 {main}

[previous exception] [object] (PDOException(code: HY000): SQLSTATE[HY000]: General error: 1 near \"ilike\": syntax error at /home/haru/Desktop/projects/prs/vendor/laravel/framework/src/Illuminate/Database/Connection.php:421)
[stacktrace]
#0 /home/haru/Desktop/projects/prs/vendor/laravel/framework/src/Illuminate/Database/Connection.php(421): PDO->prepare('select count(*)...')
#1 /home/haru/Desktop/projects/prs/vendor/laravel/framework/src/Illuminate/Database/Connection.php(830): Illuminate\\Database\\Connection->{closure:Illuminate\\Database\\Connection::select():412}('select count(*)...', Array)
#2 /home/haru/Desktop/projects/prs/vendor/laravel/framework/src/Illuminate/Database/Connection.php(797): Illuminate\\Database\\Connection->runQueryCallback('select count(*)...', Array, Object(Closure))
#3 /home/haru/Desktop/projects/prs/vendor/laravel/framework/src/Illuminate/Database/Connection.php(412): Illuminate\\Database\\Connection->run('select count(*)...', Array, Object(Closure))
#4 /home/haru/Desktop/projects/prs/vendor/laravel/framework/src/Illuminate/Database/Query/Builder.php(3562): Illuminate\\Database\\Connection->select('select count(*)...', Array, true, Array)
#5 /home/haru/Desktop/projects/prs/vendor/laravel/framework/src/Illuminate/Database/Query/Builder.php(3546): Illuminate\\Database\\Query\\Builder->runSelect()
#6 /home/haru/Desktop/projects/prs/vendor/laravel/framework/src/Illuminate/Database/Query/Builder.php(3741): Illuminate\\Database\\Query\\Builder->get()
#7 /home/haru/Desktop/projects/prs/vendor/laravel/framework/src/Illuminate/Database/Query/Builder.php(3700): Illuminate\\Database\\Query\\Builder->runPaginationCountQuery(Array)
#8 /home/haru/Desktop/projects/prs/vendor/laravel/framework/src/Illuminate/Database/Eloquent/Builder.php(1125): Illuminate\\Database\\Query\\Builder->getCountForPagination()
#9 /home/haru/Desktop/projects/prs/app/Http/Controllers/Admin/Config/UserConfigController.php(35): Illuminate\\Database\\Eloquent\\Builder->paginate(10)
#10 /home/haru/Desktop/projects/prs/vendor/laravel/framework/src/Illuminate/Routing/ControllerDispatcher.php(46): App\\Http\\Controllers\\Admin\\Config\\UserConfigController->index(Object(Illuminate\\Http\\Request))
#11 /home/haru/Desktop/projects/prs/vendor/laravel/framework/src/Illuminate/Routing/Route.php(269): Illuminate\\Routing\\ControllerDispatcher->dispatch(Object(Illuminate\\Routing\\Route), Object(App\\Http\\Controllers\\Admin\\Config\\UserConfigController), 'index')
#12 /home/haru/Desktop/projects/prs/vendor/laravel/framework/src/Illuminate/Routing/Route.php(215): Illuminate\\Routing\\Route->runController()
#13 /home/haru/Desktop/projects/prs/vendor/laravel/framework/src/Illuminate/Routing/Router.php(822): Illuminate\\Routing\\Route->run()
#14 /home/haru/Desktop/projects/prs/vendor/laravel/framework/src/Illuminate/Pipeline/Pipeline.php(180): Illuminate\\Routing\\Router->{closure:Illuminate\\Routing\\Router::runRouteWithinStack():821}(Object(Illuminate\\Http\\Request))
#15 /home/haru/Desktop/projects/prs/vendor/laravel/framework/src/Illuminate/Auth/Middleware/Authorize.php(59): Illuminate\\Pipeline\\Pipeline->{closure:Illuminate\\Pipeline\\Pipeline::prepareDestination():178}(Object(Illuminate\\Http\\Request))
#16 /home/haru/Desktop/projects/prs/vendor/laravel/framework/src/Illuminate/Pipeline/Pipeline.php(219): Illuminate\\Auth\\Middleware\\Authorize->handle(Object(Illuminate\\Http\\Request), Object(Closure), 'access.users.ma...')
#17 /home/haru/Desktop/projects/prs/app/Http/Middleware/EnsureConfigAccess.php(37): Illuminate\\Pipeline\\Pipeline->{closure:{closure:Illuminate\\Pipeline\\Pipeline::carry():194}:195}(Object(Illuminate\\Http\\Request))
#18 /home/haru/Desktop/projects/prs/vendor/laravel/framework/src/Illuminate/Pipeline/Pipeline.php(219): App\\Http\\Middleware\\EnsureConfigAccess->handle(Object(Illuminate\\Http\\Request), Object(Closure))
#19 /home/haru/Desktop/projects/prs/vendor/laravel/framework/src/Illuminate/Auth/Middleware/EnsureEmailIsVerified.php(41): Illuminate\\Pipeline\\Pipeline->{closure:{closure:Illuminate\\Pipeline\\Pipeline::carry():194}:195}(Object(Illuminate\\Http\\Request))
#20 /home/haru/Desktop/projects/prs/vendor/laravel/framework/src/Illuminate/Pipeline/Pipeline.php(219): Illuminate\\Auth\\Middleware\\EnsureEmailIsVerified->handle(Object(Illuminate\\Http\\Request), Object(Closure))
#21 /home/haru/Desktop/projects/prs/app/Http/Middleware/LogRouteAccess.php(22): Illuminate\\Pipeline\\Pipeline->{closure:{closure:Illuminate\\Pipeline\\Pipeline::carry():194}:195}(Object(Illuminate\\Http\\Request))
#22 /home/haru/Desktop/projects/prs/vendor/laravel/framework/src/Illuminate/Pipeline/Pipeline.php(219): App\\Http\\Middleware\\LogRouteAccess->handle(Object(Illuminate\\Http\\Request), Object(Closure))
#23 /home/haru/Desktop/projects/prs/vendor/laravel/framework/src/Illuminate/Http/Middleware/AddLinkHeadersForPreloadedAssets.php(32): Illuminate\\Pipeline\\Pipeline->{closure:{closure:Illuminate\\Pipeline\\Pipeline::carry():194}:195}(Object(Illuminate\\Http\\Request))
#24 /home/haru/Desktop/projects/prs/vendor/laravel/framework/src/Illuminate/Pipeline/Pipeline.php(219): Illuminate\\Http\\Middleware\\AddLinkHeadersForPreloadedAssets->handle(Object(Illuminate\\Http\\Request), Object(Closure))
#25 /home/haru/Desktop/projects/prs/vendor/inertiajs/inertia-laravel/src/Middleware.php(122): Illuminate\\Pipeline\\Pipeline->{closure:{closure:Illuminate\\Pipeline\\Pipeline::carry():194}:195}(Object(Illuminate\\Http\\Request))
#26 /home/haru/Desktop/projects/prs/vendor/laravel/framework/src/Illuminate/Pipeline/Pipeline.php(219): Inertia\\Middleware->handle(Object(Illuminate\\Http\\Request), Object(Closure))
#27 /home/haru/Desktop/projects/prs/app/Http/Middleware/HandleAppearance.php(21): Illuminate\\Pipeline\\Pipeline->{closure:{closure:Illuminate\\Pipeline\\Pipeline::carry():194}:195}(Object(Illuminate\\Http\\Request))
#28 /home/haru/Desktop/projects/prs/vendor/laravel/framework/src/Illuminate/Pipeline/Pipeline.php(219): App\\Http\\Middleware\\HandleAppearance->handle(Object(Illuminate\\Http\\Request), Object(Closure))
#29 /home/haru/Desktop/projects/prs/vendor/laravel/framework/src/Illuminate/Routing/Middleware/SubstituteBindings.php(52): Illuminate\\Pipeline\\Pipeline->{closure:{closure:Illuminate\\Pipeline\\Pipeline::carry():194}:195}(Object(Illuminate\\Http\\Request))
#30 /home/haru/Desktop/projects/prs/vendor/laravel/framework/src/Illuminate/Pipeline/Pipeline.php(219): Illuminate\\Routing\\Middleware\\SubstituteBindings->handle(Object(Illuminate\\Http\\Request), Object(Closure))
#31 /home/haru/Desktop/projects/prs/vendor/laravel/framework/src/Illuminate/Auth/Middleware/Authenticate.php(63): Illuminate\\Pipeline\\Pipeline->{closure:{closure:Illuminate\\Pipeline\\Pipeline::carry():194}:195}(Object(Illuminate\\Http\\Request))
#32 /home/haru/Desktop/projects/prs/vendor/laravel/framework/src/Illuminate/Pipeline/Pipeline.php(219): Illuminate\\Auth\\Middleware\\Authenticate->handle(Object(Illuminate\\Http\\Request), Object(Closure))
#33 /home/haru/Desktop/projects/prs/vendor/laravel/framework/src/Illuminate/Foundation/Http/Middleware/PreventRequestForgery.php(104): Illuminate\\Pipeline\\Pipeline->{closure:{closure:Illuminate\\Pipeline\\Pipeline::carry():194}:195}(Object(Illuminate\\Http\\Request))
#34 /home/haru/Desktop/projects/prs/vendor/laravel/framework/src/Illuminate/Pipeline/Pipeline.php(219): Illuminate\\Foundation\\Http\\Middleware\\PreventRequestForgery->handle(Object(Illuminate\\Http\\Request), Object(Closure))
#35 /home/haru/Desktop/projects/prs/vendor/laravel/framework/src/Illuminate/View/Middleware/ShareErrorsFromSession.php(48): Illuminate\\Pipeline\\Pipeline->{closure:{closure:Illuminate\\Pipeline\\Pipeline::carry():194}:195}(Object(Illuminate\\Http\\Request))
#36 /home/haru/Desktop/projects/prs/vendor/laravel/framework/src/Illuminate/Pipeline/Pipeline.php(219): Illuminate\\View\\Middleware\\ShareErrorsFromSession->handle(Object(Illuminate\\Http\\Request), Object(Closure))
#37 /home/haru/Desktop/projects/prs/vendor/laravel/framework/src/Illuminate/Session/Middleware/StartSession.php(120): Illuminate\\Pipeline\\Pipeline->{closure:{closure:Illuminate\\Pipeline\\Pipeline::carry():194}:195}(Object(Illuminate\\Http\\Request))
#38 /home/haru/Desktop/projects/prs/vendor/laravel/framework/src/Illuminate/Session/Middleware/StartSession.php(63): Illuminate\\Session\\Middleware\\StartSession->handleStatefulRequest(Object(Illuminate\\Http\\Request), Object(Illuminate\\Session\\Store), Object(Closure))
#39 /home/haru/Desktop/projects/prs/vendor/laravel/framework/src/Illuminate/Pipeline/Pipeline.php(219): Illuminate\\Session\\Middleware\\StartSession->handle(Object(Illuminate\\Http\\Request), Object(Closure))
#40 /home/haru/Desktop/projects/prs/vendor/laravel/framework/src/Illuminate/Cookie/Middleware/AddQueuedCookiesToResponse.php(36): Illuminate\\Pipeline\\Pipeline->{closure:{closure:Illuminate\\Pipeline\\Pipeline::carry():194}:195}(Object(Illuminate\\Http\\Request))
#41 /home/haru/Desktop/projects/prs/vendor/laravel/framework/src/Illuminate/Pipeline/Pipeline.php(219): Illuminate\\Cookie\\Middleware\\AddQueuedCookiesToResponse->handle(Object(Illuminate\\Http\\Request), Object(Closure))
#42 /home/haru/Desktop/projects/prs/vendor/laravel/framework/src/Illuminate/Cookie/Middleware/EncryptCookies.php(74): Illuminate\\Pipeline\\Pipeline->{closure:{closure:Illuminate\\Pipeline\\Pipeline::carry():194}:195}(Object(Illuminate\\Http\\Request))
#43 /home/haru/Desktop/projects/prs/vendor/laravel/framework/src/Illuminate/Pipeline/Pipeline.php(219): Illuminate\\Cookie\\Middleware\\EncryptCookies->handle(Object(Illuminate\\Http\\Request), Object(Closure))
#44 /home/haru/Desktop/projects/prs/vendor/laravel/framework/src/Illuminate/Pipeline/Pipeline.php(137): Illuminate\\Pipeline\\Pipeline->{closure:{closure:Illuminate\\Pipeline\\Pipeline::carry():194}:195}(Object(Illuminate\\Http\\Request))
#45 /home/haru/Desktop/projects/prs/vendor/laravel/framework/src/Illuminate/Routing/Router.php(821): Illuminate\\Pipeline\\Pipeline->then(Object(Closure))
#46 /home/haru/Desktop/projects/prs/vendor/laravel/framework/src/Illuminate/Routing/Router.php(800): Illuminate\\Routing\\Router->runRouteWithinStack(Object(Illuminate\\Routing\\Route), Object(Illuminate\\Http\\Request))
#47 /home/haru/Desktop/projects/prs/vendor/laravel/framework/src/Illuminate/Routing/Router.php(764): Illuminate\\Routing\\Router->runRoute(Object(Illuminate\\Http\\Request), Object(Illuminate\\Routing\\Route))
#48 /home/haru/Desktop/projects/prs/vendor/laravel/framework/src/Illuminate/Routing/Router.php(753): Illuminate\\Routing\\Router->dispatchToRoute(Object(Illuminate\\Http\\Request))
#49 /home/haru/Desktop/projects/prs/vendor/laravel/framework/src/Illuminate/Foundation/Http/Kernel.php(200): Illuminate\\Routing\\Router->dispatch(Object(Illuminate\\Http\\Request))
#50 /home/haru/Desktop/projects/prs/vendor/laravel/framework/src/Illuminate/Pipeline/Pipeline.php(180): Illuminate\\Foundation\\Http\\Kernel->{closure:Illuminate\\Foundation\\Http\\Kernel::dispatchToRouter():197}(Object(Illuminate\\Http\\Request))
#51 /home/haru/Desktop/projects/prs/vendor/laravel/framework/src/Illuminate/Foundation/Http/Middleware/TransformsRequest.php(21): Illuminate\\Pipeline\\Pipeline->{closure:Illuminate\\Pipeline\\Pipeline::prepareDestination():178}(Object(Illuminate\\Http\\Request))
#52 /home/haru/Desktop/projects/prs/vendor/laravel/framework/src/Illuminate/Foundation/Http/Middleware/ConvertEmptyStringsToNull.php(31): Illuminate\\Foundation\\Http\\Middleware\\TransformsRequest->handle(Object(Illuminate\\Http\\Request), Object(Closure))
#53 /home/haru/Desktop/projects/prs/vendor/laravel/framework/src/Illuminate/Pipeline/Pipeline.php(219): Illuminate\\Foundation\\Http\\Middleware\\ConvertEmptyStringsToNull->handle(Object(Illuminate\\Http\\Request), Object(Closure))
#54 /home/haru/Desktop/projects/prs/vendor/laravel/framework/src/Illuminate/Foundation/Http/Middleware/TransformsRequest.php(21): Illuminate\\Pipeline\\Pipeline->{closure:{closure:Illuminate\\Pipeline\\Pipeline::carry():194}:195}(Object(Illuminate\\Http\\Request))
#55 /home/haru/Desktop/projects/prs/vendor/laravel/framework/src/Illuminate/Foundation/Http/Middleware/TrimStrings.php(51): Illuminate\\Foundation\\Http\\Middleware\\TransformsRequest->handle(Object(Illuminate\\Http\\Request), Object(Closure))
#56 /home/haru/Desktop/projects/prs/vendor/laravel/framework/src/Illuminate/Pipeline/Pipeline.php(219): Illuminate\\Foundation\\Http\\Middleware\\TrimStrings->handle(Object(Illuminate\\Http\\Request), Object(Closure))
#57 /home/haru/Desktop/projects/prs/vendor/laravel/framework/src/Illuminate/Http/Middleware/ValidatePostSize.php(27): Illuminate\\Pipeline\\Pipeline->{closure:{closure:Illuminate\\Pipeline\\Pipeline::carry():194}:195}(Object(Illuminate\\Http\\Request))
#58 /home/haru/Desktop/projects/prs/vendor/laravel/framework/src/Illuminate/Pipeline/Pipeline.php(219): Illuminate\\Http\\Middleware\\ValidatePostSize->handle(Object(Illuminate\\Http\\Request), Object(Closure))
#59 /home/haru/Desktop/projects/prs/vendor/laravel/framework/src/Illuminate/Foundation/Http/Middleware/PreventRequestsDuringMaintenance.php(109): Illuminate\\Pipeline\\Pipeline->{closure:{closure:Illuminate\\Pipeline\\Pipeline::carry():194}:195}(Object(Illuminate\\Http\\Request))
#60 /home/haru/Desktop/projects/prs/vendor/laravel/framework/src/Illuminate/Pipeline/Pipeline.php(219): Illuminate\\Foundation\\Http\\Middleware\\PreventRequestsDuringMaintenance->handle(Object(Illuminate\\Http\\Request), Object(Closure))
#61 /home/haru/Desktop/projects/prs/vendor/laravel/framework/src/Illuminate/Http/Middleware/HandleCors.php(61): Illuminate\\Pipeline\\Pipeline->{closure:{closure:Illuminate\\Pipeline\\Pipeline::carry():194}:195}(Object(Illuminate\\Http\\Request))
#62 /home/haru/Desktop/projects/prs/vendor/laravel/framework/src/Illuminate/Pipeline/Pipeline.php(219): Illuminate\\Http\\Middleware\\HandleCors->handle(Object(Illuminate\\Http\\Request), Object(Closure))
#63 /home/haru/Desktop/projects/prs/vendor/laravel/framework/src/Illuminate/Http/Middleware/TrustProxies.php(58): Illuminate\\Pipeline\\Pipeline->{closure:{closure:Illuminate\\Pipeline\\Pipeline::carry():194}:195}(Object(Illuminate\\Http\\Request))
#64 /home/haru/Desktop/projects/prs/vendor/laravel/framework/src/Illuminate/Pipeline/Pipeline.php(219): Illuminate\\Http\\Middleware\\TrustProxies->handle(Object(Illuminate\\Http\\Request), Object(Closure))
#65 /home/haru/Desktop/projects/prs/vendor/laravel/framework/src/Illuminate/Foundation/Http/Middleware/InvokeDeferredCallbacks.php(22): Illuminate\\Pipeline\\Pipeline->{closure:{closure:Illuminate\\Pipeline\\Pipeline::carry():194}:195}(Object(Illuminate\\Http\\Request))
#66 /home/haru/Desktop/projects/prs/vendor/laravel/framework/src/Illuminate/Pipeline/Pipeline.php(219): Illuminate\\Foundation\\Http\\Middleware\\InvokeDeferredCallbacks->handle(Object(Illuminate\\Http\\Request), Object(Closure))
#67 /home/haru/Desktop/projects/prs/vendor/laravel/framework/src/Illuminate/Http/Middleware/ValidatePathEncoding.php(28): Illuminate\\Pipeline\\Pipeline->{closure:{closure:Illuminate\\Pipeline\\Pipeline::carry():194}:195}(Object(Illuminate\\Http\\Request))
#68 /home/haru/Desktop/projects/prs/vendor/laravel/framework/src/Illuminate/Pipeline/Pipeline.php(219): Illuminate\\Http\\Middleware\\ValidatePathEncoding->handle(Object(Illuminate\\Http\\Request), Object(Closure))
#69 /home/haru/Desktop/projects/prs/vendor/laravel/framework/src/Illuminate/Pipeline/Pipeline.php(137): Illuminate\\Pipeline\\Pipeline->{closure:{closure:Illuminate\\Pipeline\\Pipeline::carry():194}:195}(Object(Illuminate\\Http\\Request))
#70 /home/haru/Desktop/projects/prs/vendor/laravel/framework/src/Illuminate/Foundation/Http/Kernel.php(175): Illuminate\\Pipeline\\Pipeline->then(Object(Closure))
#71 /home/haru/Desktop/projects/prs/vendor/laravel/framework/src/Illuminate/Foundation/Http/Kernel.php(144): Illuminate\\Foundation\\Http\\Kernel->sendRequestThroughRouter(Object(Illuminate\\Http\\Request))
#72 /home/haru/Desktop/projects/prs/vendor/laravel/framework/src/Illuminate/Foundation/Testing/Concerns/MakesHttpRequests.php(607): Illuminate\\Foundation\\Http\\Kernel->handle(Object(Illuminate\\Http\\Request))
#73 /home/haru/Desktop/projects/prs/vendor/laravel/framework/src/Illuminate/Foundation/Testing/Concerns/MakesHttpRequests.php(368): Illuminate\\Foundation\\Testing\\TestCase->call('GET', 'http://localhos...', Array, Array, Array, Array)
#74 /home/haru/Desktop/projects/prs/tests/Feature/CrossCutting/UserConfigUpdateTest.php(100): Illuminate\\Foundation\\Testing\\TestCase->get('http://localhos...')
#75 /home/haru/Desktop/projects/prs/vendor/pestphp/pest/src/Factories/TestCaseMethodFactory.php(172): P\\Tests\\Feature\\CrossCutting\\UserConfigUpdateTest->{closure:/home/haru/Desktop/projects/prs/tests/Feature/CrossCutting/UserConfigUpdateTest.php:95}()
#76 [internal function]: P\\Tests\\Feature\\CrossCutting\\UserConfigUpdateTest->{closure:Pest\\Factories\\TestCaseMethodFactory::getClosure():162}()
#77 /home/haru/Desktop/projects/prs/vendor/pestphp/pest/src/Concerns/Testable.php(429): call_user_func_array(Object(Closure), Array)
#78 /home/haru/Desktop/projects/prs/vendor/pestphp/pest/src/Support/ExceptionTrace.php(26): P\\Tests\\Feature\\CrossCutting\\UserConfigUpdateTest->{closure:Pest\\Concerns\\Testable::__callClosure():429}()
#79 /home/haru/Desktop/projects/prs/vendor/pestphp/pest/src/Concerns/Testable.php(429): Pest\\Support\\ExceptionTrace::ensure(Object(Closure))
#80 /home/haru/Desktop/projects/prs/vendor/pestphp/pest/src/Concerns/Testable.php(331): P\\Tests\\Feature\\CrossCutting\\UserConfigUpdateTest->__callClosure(Object(Closure), Array)
#81 /home/haru/Desktop/projects/prs/vendor/pestphp/pest/src/Factories/TestCaseFactory.php(170) : eval()'d code(53): P\\Tests\\Feature\\CrossCutting\\UserConfigUpdateTest->__runTest(Object(Closure))
#82 /home/haru/Desktop/projects/prs/vendor/phpunit/phpunit/src/Framework/TestCase.php(1332): P\\Tests\\Feature\\CrossCutting\\UserConfigUpdateTest->__pest_evaluable_user_search_is_case_insensitive()
#83 /home/haru/Desktop/projects/prs/vendor/phpunit/phpunit/src/Framework/TestCase.php(519): PHPUnit\\Framework\\TestCase->runTest()
#84 /home/haru/Desktop/projects/prs/vendor/phpunit/phpunit/src/Framework/TestRunner/TestRunner.php(99): PHPUnit\\Framework\\TestCase->runBare()
#85 /home/haru/Desktop/projects/prs/vendor/phpunit/phpunit/src/Framework/TestCase.php(359): PHPUnit\\Framework\\TestRunner->run(Object(P\\Tests\\Feature\\CrossCutting\\UserConfigUpdateTest))
#86 /home/haru/Desktop/projects/prs/vendor/phpunit/phpunit/src/Framework/TestSuite.php(374): PHPUnit\\Framework\\TestCase->run()
#87 /home/haru/Desktop/projects/prs/vendor/phpunit/phpunit/src/Framework/TestSuite.php(374): PHPUnit\\Framework\\TestSuite->run()
#88 /home/haru/Desktop/projects/prs/vendor/phpunit/phpunit/src/Framework/TestSuite.php(374): PHPUnit\\Framework\\TestSuite->run()
#89 /home/haru/Desktop/projects/prs/vendor/phpunit/phpunit/src/TextUI/TestRunner.php(64): PHPUnit\\Framework\\TestSuite->run()
#90 /home/haru/Desktop/projects/prs/vendor/phpunit/phpunit/src/TextUI/Application.php(229): PHPUnit\\TextUI\\TestRunner->run(Object(PHPUnit\\TextUI\\Configuration\\Configuration), Object(PHPUnit\\Runner\\ResultCache\\DefaultResultCache), Object(PHPUnit\\Framework\\TestSuite))
#91 /home/haru/Desktop/projects/prs/vendor/pestphp/pest/src/Kernel.php(103): PHPUnit\\TextUI\\Application->run(Array)
#92 /home/haru/Desktop/projects/prs/vendor/pestphp/pest/bin/pest(184): Pest\\Kernel->handle(Array, Array)
#93 /home/haru/Desktop/projects/prs/vendor/pestphp/pest/bin/pest(192): {closure:/home/haru/Desktop/projects/prs/vendor/pestphp/pest/bin/pest:18}()
#94 {main}
"} 
